-- phpMyAdmin SQL Dump
-- version 4.7.0
-- https://www.phpmyadmin.net/
--
-- Host: localhost
-- Generation Time: Nov 25, 2020 at 12:32 PM
-- Server version: 10.1.25-MariaDB
-- PHP Version: 5.6.31

SET SQL_MODE = "NO_AUTO_VALUE_ON_ZERO";
SET AUTOCOMMIT = 0;
START TRANSACTION;
SET time_zone = "+00:00";


/*!40101 SET @OLD_CHARACTER_SET_CLIENT=@@CHARACTER_SET_CLIENT */;
/*!40101 SET @OLD_CHARACTER_SET_RESULTS=@@CHARACTER_SET_RESULTS */;
/*!40101 SET @OLD_COLLATION_CONNECTION=@@COLLATION_CONNECTION */;
/*!40101 SET NAMES utf8mb4 */;

--
-- Database: `fpl2020`
--
DROP DATABASE IF EXISTS `fpl2020`;

CREATE DATABASE IF NOT EXISTS `fpl2020` DEFAULT CHARACTER SET latin1 COLLATE latin1_swedish_ci;
USE `fpl2020`;

-- --------------------------------------------------------

--
-- Table structure for table `fixtures`
--

CREATE TABLE `fixtures` (
  `gameweek` int(10) DEFAULT NULL,
  `kickoff_time` varchar(50) DEFAULT NULL,
  `team_h` int(10) DEFAULT NULL,
  `team_h_score` int(10) DEFAULT NULL,
  `team_a` int(10) DEFAULT NULL,
  `team_a_score` int(10) DEFAULT NULL
) ENGINE=InnoDB DEFAULT CHARSET=latin1;

--
-- Dumping data for table `fixtures`
--

INSERT INTO `fixtures` (`gameweek`, `kickoff_time`, `team_h`, `team_h_score`, `team_a`, `team_a_score`) VALUES
(NULL, 'null', 4, NULL, 13, NULL),
(NULL, 'null', 12, NULL, 2, NULL),
(1, '2020-09-12 11:30', 8, 0, 1, 3),
(1, '2020-09-12 14:00', 6, 1, 16, 0),
(1, '2020-09-12 16:30', 11, 4, 10, 3),
(1, '2020-09-12 19:00', 19, 0, 14, 2),
(1, '2020-09-13 13:00', 18, 0, 9, 3),
(1, '2020-09-13 15:30', 17, 0, 7, 1),
(1, '2020-09-14 17:00', 15, 0, 20, 2),
(1, '2020-09-14 19:15', 3, 1, 5, 3),
(2, '2020-09-19 11:30', 7, 5, 18, 2),
(2, '2020-09-19 14:00', 10, 4, 8, 3),
(2, '2020-09-19 16:30', 13, 1, 6, 3),
(2, '2020-09-19 19:00', 1, 2, 19, 1),
(2, '2020-09-20 11:00', 16, 2, 17, 5),
(2, '2020-09-20 13:00', 14, 0, 3, 3),
(2, '2020-09-20 15:30', 5, 0, 11, 2),
(2, '2020-09-20 18:00', 9, 4, 4, 2),
(2, '2020-09-21 17:00', 2, 1, 15, 0),
(2, '2020-09-21 19:15', 20, 1, 12, 3),
(3, '2020-09-26 11:30', 3, 2, 13, 3),
(3, '2020-09-26 14:00', 6, 1, 7, 2),
(3, '2020-09-26 16:30', 18, 3, 5, 3),
(3, '2020-09-26 19:00', 4, 0, 16, 1),
(3, '2020-09-27 11:00', 15, 0, 10, 1),
(3, '2020-09-27 13:00', 17, 1, 14, 1),
(3, '2020-09-27 15:30', 12, 2, 9, 5),
(3, '2020-09-27 18:00', 19, 4, 20, 0),
(3, '2020-09-28 16:45', 8, 0, 2, 3),
(3, '2020-09-28 19:00', 11, 3, 1, 1),
(4, '2020-10-03 11:30', 5, 4, 6, 0),
(4, '2020-10-03 14:00', 7, 4, 3, 2),
(4, '2020-10-03 16:30', 10, 1, 12, 1),
(4, '2020-10-03 19:00', 14, 3, 4, 1),
(4, '2020-10-04 11:00', 9, 0, 19, 3),
(4, '2020-10-04 11:00', 16, 2, 18, 0),
(4, '2020-10-04 13:00', 1, 2, 15, 1),
(4, '2020-10-04 13:00', 20, 1, 8, 0),
(4, '2020-10-04 15:30', 13, 1, 17, 6),
(4, '2020-10-04 18:15', 2, 7, 11, 2),
(5, '2020-10-17 11:30', 7, 2, 11, 2),
(5, '2020-10-17 14:00', 5, 3, 16, 3),
(5, '2020-10-17 16:30', 12, 1, 1, 0),
(5, '2020-10-17 19:00', 14, 1, 13, 4),
(5, '2020-10-18 11:00', 15, 1, 8, 1),
(5, '2020-10-18 13:00', 6, 1, 3, 1),
(5, '2020-10-18 15:30', 17, 3, 19, 3),
(5, '2020-10-18 18:15', 9, 0, 2, 1),
(5, '2020-10-19 16:30', 18, 0, 4, 0),
(5, '2020-10-19 19:00', 10, 0, 20, 1),
(6, '2020-10-23 19:00', 2, 0, 10, 3),
(6, '2020-10-24 11:30', 19, 1, 12, 1),
(6, '2020-10-24 14:00', 8, 1, 6, 2),
(6, '2020-10-24 16:30', 13, 0, 5, 0),
(6, '2020-10-24 19:00', 11, 2, 15, 1),
(6, '2020-10-25 14:00', 16, 2, 7, 0),
(6, '2020-10-25 16:30', 20, 1, 14, 1),
(6, '2020-10-25 19:15', 1, 0, 9, 1),
(6, '2020-10-26 17:30', 3, 1, 18, 1),
(6, '2020-10-26 20:00', 4, 0, 17, 1),
(7, '2020-10-30 20:00', 20, 2, 6, 0),
(7, '2020-10-31 12:30', 15, 0, 12, 1),
(7, '2020-10-31 15:00', 4, 0, 5, 3),
(7, '2020-10-31 17:30', 11, 2, 19, 1),
(7, '2020-11-01 12:00', 2, 3, 16, 4),
(7, '2020-11-01 14:00', 14, 2, 7, 1),
(7, '2020-11-01 16:30', 13, 0, 1, 1),
(7, '2020-11-01 19:15', 17, 2, 3, 1),
(7, '2020-11-02 17:30', 8, 2, 18, 0),
(7, '2020-11-02 20:00', 10, 1, 9, 4),
(8, '2020-11-06 17:30', 3, 0, 4, 0),
(8, '2020-11-06 20:00', 16, 2, 14, 0),
(8, '2020-11-07 12:30', 7, 1, 13, 3),
(8, '2020-11-07 15:00', 6, 4, 10, 1),
(8, '2020-11-07 17:30', 5, 4, 15, 1),
(8, '2020-11-07 20:00', 19, 1, 8, 0),
(8, '2020-11-08 12:00', 18, 0, 17, 1),
(8, '2020-11-08 14:00', 9, 1, 20, 0),
(8, '2020-11-08 16:30', 12, 1, 11, 1),
(8, '2020-11-08 19:15', 1, 0, 2, 3),
(9, '2020-11-21 12:30', 14, 0, 5, 2),
(9, '2020-11-21 15:00', 2, 1, 3, 2),
(9, '2020-11-21 17:30', 17, 2, 12, 0),
(9, '2020-11-21 20:00', 13, 1, 18, 0),
(9, '2020-11-22 12:00', 8, 2, 7, 3),
(9, '2020-11-22 14:00', 15, 0, 19, 1),
(9, '2020-11-22 16:30', 10, 0, 1, 0),
(9, '2020-11-22 19:15', 11, 3, 9, 0),
(9, '2020-11-23 17:30', 4, 1, 6, 0),
(9, '2020-11-23 20:00', 20, 1, 16, 1),
(10, '2020-11-27 20:00', 6, NULL, 14, NULL),
(10, '2020-11-28 12:30', 3, NULL, 11, NULL),
(10, '2020-11-28 15:00', 12, NULL, 4, NULL),
(10, '2020-11-28 17:30', 7, NULL, 10, NULL),
(10, '2020-11-28 20:00', 18, NULL, 15, NULL),
(10, '2020-11-29 14:00', 16, NULL, 13, NULL),
(10, '2020-11-29 16:30', 5, NULL, 17, NULL),
(10, '2020-11-29 19:15', 1, NULL, 20, NULL),
(10, '2020-11-30 17:30', 9, NULL, 8, NULL),
(10, '2020-11-30 20:00', 19, NULL, 2, NULL),
(11, '2020-12-05 15:00', 2, NULL, 14, NULL),
(11, '2020-12-05 15:00', 3, NULL, 16, NULL),
(11, '2020-12-05 15:00', 4, NULL, 7, NULL),
(11, '2020-12-05 15:00', 5, NULL, 10, NULL),
(11, '2020-12-05 15:00', 11, NULL, 20, NULL),
(11, '2020-12-05 15:00', 12, NULL, 8, NULL),
(11, '2020-12-05 15:00', 15, NULL, 9, NULL),
(11, '2020-12-05 15:00', 17, NULL, 1, NULL),
(11, '2020-12-05 15:00', 18, NULL, 6, NULL),
(11, '2020-12-05 15:00', 19, NULL, 13, NULL),
(12, '2020-12-12 15:00', 6, NULL, 17, NULL),
(12, '2020-12-12 15:00', 7, NULL, 5, NULL),
(12, '2020-12-12 15:00', 8, NULL, 11, NULL),
(12, '2020-12-12 15:00', 10, NULL, 19, NULL),
(12, '2020-12-12 15:00', 13, NULL, 12, NULL),
(12, '2020-12-12 15:00', 14, NULL, 18, NULL),
(12, '2020-12-12 15:00', 16, NULL, 15, NULL),
(12, '2020-12-12 15:00', 20, NULL, 2, NULL),
(12, '2020-12-13 15:00', 1, NULL, 4, NULL),
(12, '2020-12-13 15:00', 9, NULL, 3, NULL),
(13, '2020-12-15 19:45', 1, NULL, 16, NULL),
(13, '2020-12-15 19:45', 2, NULL, 4, NULL),
(13, '2020-12-15 19:45', 8, NULL, 3, NULL),
(13, '2020-12-15 19:45', 10, NULL, 14, NULL),
(13, '2020-12-15 19:45', 9, NULL, 7, NULL),
(13, '2020-12-15 19:45', 15, NULL, 13, NULL),
(13, '2020-12-15 19:45', 19, NULL, 6, NULL),
(13, '2020-12-15 19:45', 20, NULL, 5, NULL),
(13, '2020-12-16 20:00', 11, NULL, 17, NULL),
(13, '2020-12-16 20:00', 12, NULL, 18, NULL),
(14, '2020-12-19 15:00', 3, NULL, 15, NULL),
(14, '2020-12-19 15:00', 4, NULL, 20, NULL),
(14, '2020-12-19 15:00', 5, NULL, 19, NULL),
(14, '2020-12-19 15:00', 6, NULL, 11, NULL),
(14, '2020-12-19 15:00', 7, NULL, 1, NULL),
(14, '2020-12-19 15:00', 13, NULL, 10, NULL),
(14, '2020-12-19 15:00', 14, NULL, 8, NULL),
(14, '2020-12-19 15:00', 16, NULL, 12, NULL),
(14, '2020-12-19 15:00', 17, NULL, 9, NULL),
(14, '2020-12-19 15:00', 18, NULL, 2, NULL),
(15, '2020-12-26 15:00', 1, NULL, 5, NULL),
(15, '2020-12-26 15:00', 2, NULL, 6, NULL),
(15, '2020-12-26 15:00', 8, NULL, 16, NULL),
(15, '2020-12-26 15:00', 10, NULL, 4, NULL),
(15, '2020-12-26 15:00', 9, NULL, 13, NULL),
(15, '2020-12-26 15:00', 11, NULL, 18, NULL),
(15, '2020-12-26 15:00', 12, NULL, 14, NULL),
(15, '2020-12-26 15:00', 15, NULL, 7, NULL),
(15, '2020-12-26 15:00', 19, NULL, 3, NULL),
(15, '2020-12-26 15:00', 20, NULL, 17, NULL),
(16, '2020-12-28 15:00', 3, NULL, 1, NULL),
(16, '2020-12-28 15:00', 4, NULL, 15, NULL),
(16, '2020-12-28 15:00', 5, NULL, 2, NULL),
(16, '2020-12-28 15:00', 6, NULL, 9, NULL),
(16, '2020-12-28 15:00', 7, NULL, 12, NULL),
(16, '2020-12-28 15:00', 13, NULL, 20, NULL),
(16, '2020-12-28 15:00', 14, NULL, 11, NULL),
(16, '2020-12-28 15:00', 16, NULL, 19, NULL),
(16, '2020-12-28 15:00', 17, NULL, 8, NULL),
(16, '2020-12-28 15:00', 18, NULL, 10, NULL),
(17, '2021-01-02 15:00', 3, NULL, 20, NULL),
(17, '2021-01-02 15:00', 4, NULL, 8, NULL),
(17, '2021-01-02 15:00', 5, NULL, 12, NULL),
(17, '2021-01-02 15:00', 6, NULL, 15, NULL),
(17, '2021-01-02 15:00', 7, NULL, 19, NULL),
(17, '2021-01-02 15:00', 13, NULL, 2, NULL),
(17, '2021-01-02 15:00', 14, NULL, 9, NULL),
(17, '2021-01-02 15:00', 16, NULL, 11, NULL),
(17, '2021-01-02 15:00', 17, NULL, 10, NULL),
(17, '2021-01-02 15:00', 18, NULL, 1, NULL),
(18, '2021-01-12 19:45', 1, NULL, 6, NULL),
(18, '2021-01-12 19:45', 2, NULL, 17, NULL),
(18, '2021-01-12 19:45', 8, NULL, 13, NULL),
(18, '2021-01-12 19:45', 10, NULL, 16, NULL),
(18, '2021-01-12 19:45', 9, NULL, 5, NULL),
(18, '2021-01-12 19:45', 15, NULL, 14, NULL),
(18, '2021-01-12 19:45', 19, NULL, 18, NULL),
(18, '2021-01-12 19:45', 20, NULL, 7, NULL),
(18, '2021-01-13 20:00', 11, NULL, 4, NULL),
(18, '2021-01-13 20:00', 12, NULL, 3, NULL),
(19, '2021-01-16 15:00', 1, NULL, 14, NULL),
(19, '2021-01-16 15:00', 2, NULL, 7, NULL),
(19, '2021-01-16 15:00', 8, NULL, 5, NULL),
(19, '2021-01-16 15:00', 10, NULL, 3, NULL),
(19, '2021-01-16 15:00', 9, NULL, 16, NULL),
(19, '2021-01-16 15:00', 11, NULL, 13, NULL),
(19, '2021-01-16 15:00', 12, NULL, 6, NULL),
(19, '2021-01-16 15:00', 15, NULL, 17, NULL),
(19, '2021-01-16 15:00', 19, NULL, 4, NULL),
(19, '2021-01-16 15:00', 20, NULL, 18, NULL),
(20, '2021-01-26 19:45', 3, NULL, 8, NULL),
(20, '2021-01-26 19:45', 4, NULL, 2, NULL),
(20, '2021-01-26 19:45', 7, NULL, 9, NULL),
(20, '2021-01-26 20:00', 13, NULL, 15, NULL),
(20, '2021-01-26 20:00', 18, NULL, 12, NULL),
(20, '2021-01-27 19:45', 5, NULL, 20, NULL),
(20, '2021-01-27 19:45', 14, NULL, 10, NULL),
(20, '2021-01-27 19:45', 16, NULL, 1, NULL),
(20, '2021-01-27 19:45', 17, NULL, 11, NULL),
(20, '2021-01-27 20:00', 6, NULL, 19, NULL),
(21, '2021-01-30 15:00', 1, NULL, 13, NULL),
(21, '2021-01-30 15:00', 3, NULL, 17, NULL),
(21, '2021-01-30 15:00', 5, NULL, 4, NULL),
(21, '2021-01-30 15:00', 6, NULL, 20, NULL),
(21, '2021-01-30 15:00', 7, NULL, 14, NULL),
(21, '2021-01-30 15:00', 9, NULL, 10, NULL),
(21, '2021-01-30 15:00', 12, NULL, 15, NULL),
(21, '2021-01-30 15:00', 16, NULL, 2, NULL),
(21, '2021-01-30 15:00', 18, NULL, 8, NULL),
(21, '2021-01-30 15:00', 19, NULL, 11, NULL),
(22, '2021-02-02 19:45', 2, NULL, 19, NULL),
(22, '2021-02-02 19:45', 4, NULL, 12, NULL),
(22, '2021-02-02 19:45', 8, NULL, 9, NULL),
(22, '2021-02-02 19:45', 10, NULL, 7, NULL),
(22, '2021-02-02 19:45', 15, NULL, 18, NULL),
(22, '2021-02-02 19:45', 20, NULL, 1, NULL),
(22, '2021-02-02 20:00', 13, NULL, 16, NULL),
(22, '2021-02-03 19:45', 14, NULL, 6, NULL),
(22, '2021-02-03 19:45', 17, NULL, 5, NULL),
(22, '2021-02-03 20:00', 11, NULL, 3, NULL),
(23, '2021-02-06 15:00', 2, NULL, 1, NULL),
(23, '2021-02-06 15:00', 4, NULL, 3, NULL),
(23, '2021-02-06 15:00', 8, NULL, 19, NULL),
(23, '2021-02-06 15:00', 10, NULL, 6, NULL),
(23, '2021-02-06 15:00', 11, NULL, 12, NULL),
(23, '2021-02-06 15:00', 13, NULL, 7, NULL),
(23, '2021-02-06 15:00', 14, NULL, 16, NULL),
(23, '2021-02-06 15:00', 15, NULL, 5, NULL),
(23, '2021-02-06 15:00', 17, NULL, 18, NULL),
(23, '2021-02-06 15:00', 20, NULL, 9, NULL),
(24, '2021-02-13 15:00', 1, NULL, 10, NULL),
(24, '2021-02-13 15:00', 3, NULL, 2, NULL),
(24, '2021-02-13 15:00', 5, NULL, 14, NULL),
(24, '2021-02-13 15:00', 6, NULL, 4, NULL),
(24, '2021-02-13 15:00', 7, NULL, 8, NULL),
(24, '2021-02-13 15:00', 9, NULL, 11, NULL),
(24, '2021-02-13 15:00', 12, NULL, 17, NULL),
(24, '2021-02-13 15:00', 16, NULL, 20, NULL),
(24, '2021-02-13 15:00', 18, NULL, 13, NULL),
(24, '2021-02-13 15:00', 19, NULL, 15, NULL),
(25, '2021-02-20 15:00', 1, NULL, 12, NULL),
(25, '2021-02-20 15:00', 2, NULL, 9, NULL),
(25, '2021-02-20 15:00', 3, NULL, 6, NULL),
(25, '2021-02-20 15:00', 4, NULL, 18, NULL),
(25, '2021-02-20 15:00', 8, NULL, 15, NULL),
(25, '2021-02-20 15:00', 11, NULL, 7, NULL),
(25, '2021-02-20 15:00', 13, NULL, 14, NULL),
(25, '2021-02-20 15:00', 16, NULL, 5, NULL),
(25, '2021-02-20 15:00', 19, NULL, 17, NULL),
(25, '2021-02-20 15:00', 20, NULL, 10, NULL),
(26, '2021-02-27 15:00', 5, NULL, 13, NULL),
(26, '2021-02-27 15:00', 6, NULL, 8, NULL),
(26, '2021-02-27 15:00', 7, NULL, 16, NULL),
(26, '2021-02-27 15:00', 10, NULL, 2, NULL),
(26, '2021-02-27 15:00', 9, NULL, 1, NULL),
(26, '2021-02-27 15:00', 12, NULL, 19, NULL),
(26, '2021-02-27 15:00', 14, NULL, 20, NULL),
(26, '2021-02-27 15:00', 15, NULL, 11, NULL),
(26, '2021-02-27 15:00', 17, NULL, 4, NULL),
(26, '2021-02-27 15:00', 18, NULL, 3, NULL),
(27, '2021-03-06 15:00', 2, NULL, 20, NULL),
(27, '2021-03-06 15:00', 3, NULL, 9, NULL),
(27, '2021-03-06 15:00', 4, NULL, 1, NULL),
(27, '2021-03-06 15:00', 5, NULL, 7, NULL),
(27, '2021-03-06 15:00', 11, NULL, 8, NULL),
(27, '2021-03-06 15:00', 12, NULL, 13, NULL),
(27, '2021-03-06 15:00', 15, NULL, 16, NULL),
(27, '2021-03-06 15:00', 17, NULL, 6, NULL),
(27, '2021-03-06 15:00', 18, NULL, 14, NULL),
(27, '2021-03-06 15:00', 19, NULL, 10, NULL),
(28, '2021-03-13 15:00', 1, NULL, 17, NULL),
(28, '2021-03-13 15:00', 6, NULL, 18, NULL),
(28, '2021-03-13 15:00', 7, NULL, 4, NULL),
(28, '2021-03-13 15:00', 8, NULL, 12, NULL),
(28, '2021-03-13 15:00', 10, NULL, 5, NULL),
(28, '2021-03-13 15:00', 9, NULL, 15, NULL),
(28, '2021-03-13 15:00', 13, NULL, 19, NULL),
(28, '2021-03-13 15:00', 14, NULL, 2, NULL),
(28, '2021-03-13 15:00', 16, NULL, 3, NULL),
(28, '2021-03-13 15:00', 20, NULL, 11, NULL),
(29, '2021-03-20 15:00', 3, NULL, 14, NULL),
(29, '2021-03-20 15:00', 4, NULL, 9, NULL),
(29, '2021-03-20 15:00', 6, NULL, 13, NULL),
(29, '2021-03-20 15:00', 8, NULL, 10, NULL),
(29, '2021-03-20 15:00', 11, NULL, 5, NULL),
(29, '2021-03-20 15:00', 12, NULL, 20, NULL),
(29, '2021-03-20 15:00', 15, NULL, 2, NULL),
(29, '2021-03-20 15:00', 17, NULL, 16, NULL),
(29, '2021-03-20 15:00', 18, NULL, 7, NULL),
(29, '2021-03-20 15:00', 19, NULL, 1, NULL),
(30, '2021-04-03 14:00', 1, NULL, 11, NULL),
(30, '2021-04-03 14:00', 2, NULL, 8, NULL),
(30, '2021-04-03 14:00', 5, NULL, 18, NULL),
(30, '2021-04-03 14:00', 7, NULL, 6, NULL),
(30, '2021-04-03 14:00', 10, NULL, 15, NULL),
(30, '2021-04-03 14:00', 9, NULL, 12, NULL),
(30, '2021-04-03 14:00', 13, NULL, 3, NULL),
(30, '2021-04-03 14:00', 14, NULL, 17, NULL),
(30, '2021-04-03 14:00', 16, NULL, 4, NULL),
(30, '2021-04-03 14:00', 20, NULL, 19, NULL),
(31, '2021-04-10 14:00', 3, NULL, 7, NULL),
(31, '2021-04-10 14:00', 4, NULL, 14, NULL),
(31, '2021-04-10 14:00', 6, NULL, 5, NULL),
(31, '2021-04-10 14:00', 8, NULL, 20, NULL),
(31, '2021-04-10 14:00', 11, NULL, 2, NULL),
(31, '2021-04-10 14:00', 12, NULL, 10, NULL),
(31, '2021-04-10 14:00', 15, NULL, 1, NULL),
(31, '2021-04-10 14:00', 17, NULL, 13, NULL),
(31, '2021-04-10 14:00', 18, NULL, 16, NULL),
(31, '2021-04-10 14:00', 19, NULL, 9, NULL),
(32, '2021-04-17 14:00', 1, NULL, 8, NULL),
(32, '2021-04-17 14:00', 2, NULL, 12, NULL),
(32, '2021-04-17 14:00', 5, NULL, 3, NULL),
(32, '2021-04-17 14:00', 7, NULL, 17, NULL),
(32, '2021-04-17 14:00', 10, NULL, 11, NULL),
(32, '2021-04-17 14:00', 9, NULL, 18, NULL),
(32, '2021-04-17 14:00', 13, NULL, 4, NULL),
(32, '2021-04-17 14:00', 14, NULL, 19, NULL),
(32, '2021-04-17 14:00', 16, NULL, 6, NULL),
(32, '2021-04-17 14:00', 20, NULL, 15, NULL),
(33, '2021-04-24 14:00', 1, NULL, 7, NULL),
(33, '2021-04-24 14:00', 2, NULL, 18, NULL),
(33, '2021-04-24 14:00', 8, NULL, 17, NULL),
(33, '2021-04-24 14:00', 10, NULL, 13, NULL),
(33, '2021-04-24 14:00', 9, NULL, 6, NULL),
(33, '2021-04-24 14:00', 11, NULL, 14, NULL),
(33, '2021-04-24 14:00', 12, NULL, 16, NULL),
(33, '2021-04-24 14:00', 15, NULL, 3, NULL),
(33, '2021-04-24 14:00', 19, NULL, 5, NULL),
(33, '2021-04-24 14:00', 20, NULL, 4, NULL),
(34, '2021-05-01 14:00', 3, NULL, 10, NULL),
(34, '2021-05-01 14:00', 4, NULL, 19, NULL),
(34, '2021-05-01 14:00', 5, NULL, 8, NULL),
(34, '2021-05-01 14:00', 6, NULL, 12, NULL),
(34, '2021-05-01 14:00', 7, NULL, 2, NULL),
(34, '2021-05-01 14:00', 13, NULL, 11, NULL),
(34, '2021-05-01 14:00', 14, NULL, 1, NULL),
(34, '2021-05-01 14:00', 16, NULL, 9, NULL),
(34, '2021-05-01 14:00', 17, NULL, 15, NULL),
(34, '2021-05-01 14:00', 18, NULL, 20, NULL),
(35, '2021-05-08 14:00', 1, NULL, 18, NULL),
(35, '2021-05-08 14:00', 2, NULL, 13, NULL),
(35, '2021-05-08 14:00', 8, NULL, 4, NULL),
(35, '2021-05-08 14:00', 10, NULL, 17, NULL),
(35, '2021-05-08 14:00', 9, NULL, 14, NULL),
(35, '2021-05-08 14:00', 11, NULL, 16, NULL),
(35, '2021-05-08 14:00', 12, NULL, 5, NULL),
(35, '2021-05-08 14:00', 15, NULL, 6, NULL),
(35, '2021-05-08 14:00', 19, NULL, 7, NULL),
(35, '2021-05-08 14:00', 20, NULL, 3, NULL),
(36, '2021-05-11 18:45', 3, NULL, 19, NULL),
(36, '2021-05-11 18:45', 4, NULL, 10, NULL),
(36, '2021-05-11 18:45', 7, NULL, 15, NULL),
(36, '2021-05-11 19:00', 13, NULL, 9, NULL),
(36, '2021-05-11 19:00', 18, NULL, 11, NULL),
(36, '2021-05-12 18:45', 5, NULL, 1, NULL),
(36, '2021-05-12 18:45', 14, NULL, 12, NULL),
(36, '2021-05-12 18:45', 16, NULL, 8, NULL),
(36, '2021-05-12 18:45', 17, NULL, 20, NULL),
(36, '2021-05-12 19:00', 6, NULL, 2, NULL),
(37, '2021-05-15 14:00', 3, NULL, 12, NULL),
(37, '2021-05-15 14:00', 4, NULL, 11, NULL),
(37, '2021-05-15 14:00', 5, NULL, 9, NULL),
(37, '2021-05-15 14:00', 6, NULL, 1, NULL),
(37, '2021-05-15 14:00', 7, NULL, 20, NULL),
(37, '2021-05-15 14:00', 13, NULL, 8, NULL),
(37, '2021-05-15 14:00', 14, NULL, 15, NULL),
(37, '2021-05-15 14:00', 16, NULL, 10, NULL),
(37, '2021-05-15 14:00', 17, NULL, 2, NULL),
(37, '2021-05-15 14:00', 18, NULL, 19, NULL),
(38, '2021-05-23 15:00', 1, NULL, 3, NULL),
(38, '2021-05-23 15:00', 2, NULL, 5, NULL),
(38, '2021-05-23 15:00', 8, NULL, 14, NULL),
(38, '2021-05-23 15:00', 10, NULL, 18, NULL),
(38, '2021-05-23 15:00', 9, NULL, 17, NULL),
(38, '2021-05-23 15:00', 11, NULL, 6, NULL),
(38, '2021-05-23 15:00', 12, NULL, 7, NULL),
(38, '2021-05-23 15:00', 15, NULL, 4, NULL),
(38, '2021-05-23 15:00', 19, NULL, 16, NULL),
(38, '2021-05-23 15:00', 20, NULL, 13, NULL);

-- --------------------------------------------------------

--
-- Table structure for table `gameweeks`
--

CREATE TABLE `gameweeks` (
  `id` int(10) DEFAULT NULL,
  `name` varchar(50) DEFAULT NULL,
  `finished` tinyint(1) DEFAULT NULL,
  `deadline_time` varchar(50) DEFAULT NULL,
  `deadline_time_epoch` varchar(50) DEFAULT NULL,
  `most_captained` int(10) DEFAULT NULL
) ENGINE=InnoDB DEFAULT CHARSET=latin1;

--
-- Dumping data for table `gameweeks`
--

INSERT INTO `gameweeks` (`id`, `name`, `finished`, `deadline_time`, `deadline_time_epoch`, `most_captained`) VALUES
(1, 'Gameweek 1', 1, '2020-09-12T10:00:00Z', '1599904800', 4),
(2, 'Gameweek 2', 1, '2020-09-19T10:00:00Z', '1600509600', 4),
(3, 'Gameweek 3', 1, '2020-09-26T10:00:00Z', '1601114400', 272),
(4, 'Gameweek 4', 1, '2020-10-03T10:00:00Z', '1601719200', 254),
(5, 'Gameweek 5', 1, '2020-10-17T10:00:00Z', '1602928800', 390),
(6, 'Gameweek 6', 1, '2020-10-23T17:30:00Z', '1603474200', 254),
(7, 'Gameweek 7', 1, '2020-10-30T18:30:00Z', '1604082600', 388),
(8, 'Gameweek 8', 1, '2020-11-06T16:00:00Z', '1604678400', 388),
(9, 'Gameweek 9', 0, '2020-11-21T11:00:00Z', '1605956400', 302),
(10, 'Gameweek 10', 0, '2020-11-27T18:30:00Z', '1606501800', NULL),
(11, 'Gameweek 11', 0, '2020-12-05T13:30:00Z', '1607175000', NULL),
(12, 'Gameweek 12', 0, '2020-12-12T13:30:00Z', '1607779800', NULL),
(13, 'Gameweek 13', 0, '2020-12-15T18:15:00Z', '1608056100', NULL),
(14, 'Gameweek 14', 0, '2020-12-19T13:30:00Z', '1608384600', NULL),
(15, 'Gameweek 15', 0, '2020-12-26T13:30:00Z', '1608989400', NULL),
(16, 'Gameweek 16', 0, '2020-12-28T13:30:00Z', '1609162200', NULL),
(17, 'Gameweek 17', 0, '2021-01-02T13:30:00Z', '1609594200', NULL),
(18, 'Gameweek 18', 0, '2021-01-12T18:15:00Z', '1610475300', NULL),
(19, 'Gameweek 19', 0, '2021-01-16T13:30:00Z', '1610803800', NULL),
(20, 'Gameweek 20', 0, '2021-01-26T18:15:00Z', '1611684900', NULL),
(21, 'Gameweek 21', 0, '2021-01-30T13:30:00Z', '1612013400', NULL),
(22, 'Gameweek 22', 0, '2021-02-02T18:15:00Z', '1612289700', NULL),
(23, 'Gameweek 23', 0, '2021-02-06T13:30:00Z', '1612618200', NULL),
(24, 'Gameweek 24', 0, '2021-02-13T13:30:00Z', '1613223000', NULL),
(25, 'Gameweek 25', 0, '2021-02-20T13:30:00Z', '1613827800', NULL),
(26, 'Gameweek 26', 0, '2021-02-27T13:30:00Z', '1614432600', NULL),
(27, 'Gameweek 27', 0, '2021-03-06T13:30:00Z', '1615037400', NULL),
(28, 'Gameweek 28', 0, '2021-03-13T13:30:00Z', '1615642200', NULL),
(29, 'Gameweek 29', 0, '2021-03-20T13:30:00Z', '1616247000', NULL),
(30, 'Gameweek 30', 0, '2021-04-03T12:30:00Z', '1617453000', NULL),
(31, 'Gameweek 31', 0, '2021-04-10T12:30:00Z', '1618057800', NULL),
(32, 'Gameweek 32', 0, '2021-04-17T12:30:00Z', '1618662600', NULL),
(33, 'Gameweek 33', 0, '2021-04-24T12:30:00Z', '1619267400', NULL),
(34, 'Gameweek 34', 0, '2021-05-01T12:30:00Z', '1619872200', NULL),
(35, 'Gameweek 35', 0, '2021-05-08T12:30:00Z', '1620477000', NULL),
(36, 'Gameweek 36', 0, '2021-05-11T17:15:00Z', '1620753300', NULL),
(37, 'Gameweek 37', 0, '2021-05-15T12:30:00Z', '1621081800', NULL),
(38, 'Gameweek 38', 0, '2021-05-23T13:30:00Z', '1621776600', NULL);

-- --------------------------------------------------------

--
-- Table structure for table `players`
--

CREATE TABLE `players` (
  `id` int(10) DEFAULT NULL,
  `second_name` varchar(50) DEFAULT NULL,
  `first_name` varchar(50) DEFAULT NULL,
  `form` varchar(10) DEFAULT NULL,
  `now_cost` int(10) DEFAULT NULL,
  `photo` varchar(50) DEFAULT NULL,
  `teamid` int(10) DEFAULT NULL,
  `total_points` int(10) DEFAULT NULL,
  `web_name` varchar(50) DEFAULT NULL,
  `minutes` int(10) DEFAULT NULL,
  `goals_scored` int(10) DEFAULT NULL,
  `assists` int(10) DEFAULT NULL,
  `goals_conceded` int(10) DEFAULT NULL,
  `yellow_cards` int(10) DEFAULT NULL,
  `red_cards` int(10) DEFAULT NULL
) ENGINE=InnoDB DEFAULT CHARSET=latin1;

--
-- Dumping data for table `players`
--

INSERT INTO `players` (`id`, `second_name`, `first_name`, `form`, `now_cost`, `photo`, `teamid`, `total_points`, `web_name`, `minutes`, `goals_scored`, `assists`, `goals_conceded`, `yellow_cards`, `red_cards`) VALUES
(1, 'Ozil', 'Mesut', '0.0', 68, '37605', 1, 0, 'Ozil', 0, 0, 0, 0, 0, 0),
(2, 'Papastathopoulos', 'Sokratis', '0.0', 49, '39476', 1, 0, 'Sokratis', 0, 0, 0, 0, 0, 0),
(3, 'Luiz Moreira Marinho', 'David', '0.2', 55, '41270', 1, 7, 'David Luiz', 319, 0, 0, 5, 0, 0),
(4, 'Aubameyang', 'Pierre-Emerick', '3.8', 116, '54694', 1, 33, 'Aubameyang', 806, 2, 1, 10, 2, 0),
(5, 'Soares', 'Cedric', '0.0', 47, '58822', 1, 0, 'Cedric', 0, 0, 0, 0, 0, 0),
(6, 'Lacazette', 'Alexandre', '1.2', 83, '59966', 1, 27, 'Lacazette', 485, 3, 0, 5, 1, 0),
(7, 'Mustafi', 'Shkodran', '0.5', 50, '69140', 1, 2, 'Mustafi', 44, 0, 0, 1, 0, 0),
(8, 'Leno', 'Bernd', '5.2', 50, '80201', 1, 38, 'Leno', 810, 0, 0, 10, 0, 0),
(9, 'Xhaka', 'Granit', '1.0', 53, '84450', 1, 13, 'Xhaka', 497, 0, 0, 6, 1, 0),
(10, 'Mari', 'Pablo', '0.0', 44, '92371', 1, 0, 'Mari', 0, 0, 0, 0, 0, 0),
(11, 'Bellerin', 'Hector', '5.8', 51, '98745', 1, 43, 'Bellerin', 810, 0, 3, 10, 3, 0),
(13, 'Chambers', 'Calum', '0.0', 45, '101184', 1, 0, 'Chambers', 0, 0, 0, 0, 0, 0),
(14, 'Kolasinac', 'Sead', '0.0', 48, '111457', 1, 2, 'Kolasinac', 90, 0, 0, 1, 0, 0),
(15, 'Maitland-Niles', 'Ainsley', '0.5', 47, '154043', 1, 10, 'Maitland-Niles', 188, 0, 0, 3, 0, 0),
(16, 'Holding', 'Rob', '3.0', 44, '156074', 1, 21, 'Holding', 540, 0, 0, 7, 1, 0),
(17, 'Tierney', 'Kieran', '3.8', 54, '192895', 1, 26, 'Tierney', 710, 0, 0, 9, 0, 0),
(18, 'Pepe', 'Nicolas', '0.0', 76, '195735', 1, 11, 'Pepe', 277, 1, 0, 6, 0, 1),
(19, 'Torreira', 'Lucas', '0.0', 47, '198849', 1, 0, 'Torreira', 0, 0, 0, 0, 0, 0),
(20, 'Willock', 'Joseph', '0.2', 48, '200089', 1, 1, 'Willock', 56, 0, 0, 0, 0, 0),
(21, 'Nelson', 'Reiss', '0.2', 52, '200641', 1, 1, 'Nelson', 45, 0, 0, 0, 0, 0),
(22, 'Nketiah', 'Edward', '0.8', 56, '205533', 1, 15, 'Nketiah', 145, 1, 0, 3, 0, 0),
(23, 'Smith Rowe', 'Emile', '0.0', 44, '209289', 1, 0, 'Smith Rowe', 0, 0, 0, 0, 0, 0),
(24, 'Saka', 'Bukayo', '1.8', 53, '223340', 1, 19, 'Saka', 543, 1, 0, 6, 0, 0),
(25, 'Guendouzi', 'Matteo', '0.0', 47, '242166', 1, 0, 'Guendouzi', 0, 0, 0, 0, 0, 0),
(26, 'Martinelli Silva', 'Gabriel Teodoro', '0.0', 49, '444145', 1, 0, 'Martinelli', 0, 0, 0, 0, 0, 0),
(27, 'Saliba', 'William', '0.0', 41, '462424', 1, 0, 'Saliba', 0, 0, 0, 0, 0, 0),
(478, 'Borges Da Silva', 'Willian', '1.5', 77, '47431', 1, 28, 'Willian', 556, 0, 3, 6, 0, 0),
(494, 'Magalhaes', 'Gabriel', '4.0', 51, '226597', 1, 37, 'Gabriel', 720, 1, 0, 7, 1, 0),
(501, 'Ceballos Fernandez', 'Daniel', '1.5', 49, '182539', 1, 20, 'Ceballos', 527, 0, 1, 6, 1, 0),
(526, 'El Sayed Elneny', 'Mohamed Naser', '1.2', 44, '153256', 1, 12, 'Elneny', 450, 0, 0, 7, 0, 0),
(527, 'Macey', 'Matt', '0.0', 40, '113534', 1, 0, 'Macey', 0, 0, 0, 0, 0, 0),
(547, 'Runarsson', 'Runar Alex', '0.0', 45, '115918', 1, 0, 'Runarsson', 0, 0, 0, 0, 0, 0),
(567, 'Partey', 'Thomas', '1.5', 50, '167199', 1, 6, 'Partey', 232, 0, 0, 2, 1, 0),
(12, 'Martinez', 'Emiliano', '2.3', 48, '98980', 2, 41, 'Martinez', 720, 0, 0, 11, 0, 0),
(28, 'Heaton', 'Tom', '0.0', 45, '21205', 2, 0, 'Heaton', 0, 0, 0, 0, 0, 0),
(29, 'El Mohamady', 'Ahmed', '0.3', 43, '37339', 2, 2, 'El Mohamady', 33, 0, 0, 0, 0, 0),
(30, 'Lansbury', 'Henri', '0.0', 44, '40564', 2, 0, 'Lansbury', 0, 0, 0, 0, 0, 0),
(31, 'Taylor', 'Neil', '0.0', 43, '47390', 2, 0, 'Taylor', 0, 0, 0, 0, 0, 0),
(32, 'Steer', 'Jed', '0.0', 40, '79852', 2, 0, 'Steer', 0, 0, 0, 0, 0, 0),
(33, 'Hourihane', 'Conor', '0.3', 60, '85242', 2, 18, 'Hourihane', 152, 1, 1, 0, 0, 0),
(34, 'Peleteiro Romallo', 'Jose Ignacio', '0.0', 59, '89274', 2, 0, 'Jota', 0, 0, 0, 0, 0, 0),
(35, 'Nyland', 'orjan', '0.0', 40, '98770', 2, 0, 'Nyland', 0, 0, 0, 0, 0, 0),
(36, 'Engels', 'Bjorn', '0.0', 44, '108156', 2, 0, 'Engels', 0, 0, 0, 0, 0, 0),
(37, 'Grealish', 'Jack', '7.3', 76, '114283', 2, 61, 'Grealish', 720, 4, 6, 11, 2, 0),
(38, 'McGinn', 'John', '2.3', 55, '122806', 2, 36, 'McGinn', 720, 1, 4, 11, 3, 0),
(39, 'Hause', 'Kortney', '0.0', 44, '123354', 2, 0, 'Hause', 0, 0, 0, 0, 0, 0),
(40, 'Ibrahim Hassan', 'Mahmoud Ahmed', '2.3', 53, '148508', 2, 23, 'Trezeguet', 642, 0, 1, 8, 0, 0),
(41, 'Mings', 'Tyrone', '4.3', 53, '149484', 2, 43, 'Mings', 720, 2, 1, 11, 2, 0),
(42, 'Targett', 'Matt', '3.7', 45, '169359', 2, 29, 'Targett', 720, 0, 1, 11, 3, 0),
(43, 'Bree', 'James', '0.0', 45, '184386', 2, 0, 'Bree', 0, 0, 0, 0, 0, 0),
(44, 'Nakamba', 'Marvelous', '0.0', 44, '184704', 2, 1, 'Nakamba', 13, 0, 0, 0, 1, 0),
(45, 'El Ghazi', 'Anwar', '0.7', 58, '193488', 2, 2, 'El Ghazi', 18, 0, 0, 0, 0, 0),
(46, 'Konsa Ngoyo', 'Ezri', '4.7', 47, '199798', 2, 43, 'Konsa', 720, 2, 0, 11, 0, 0),
(47, 'Guilbert', 'Frederic', '0.0', 44, '203368', 2, 0, 'Guilbert', 0, 0, 0, 0, 0, 0),
(48, 'Moraes', 'Wesley', '0.0', 60, '213345', 2, 0, 'Wesley', 0, 0, 0, 0, 0, 0),
(49, 'Samatta', 'Mbwana', '0.0', 59, '217487', 2, 0, 'Samatta', 0, 0, 0, 0, 0, 0),
(50, 'Davis', 'Keinan', '0.0', 43, '221239', 2, 1, 'Davis', 28, 0, 0, 0, 0, 0),
(51, 'Vassilev', 'Indiana', '0.0', 44, '223349', 2, 0, 'Vassilev', 0, 0, 0, 0, 0, 0),
(52, 'Soares de Paulo', 'Douglas Luiz', '3.3', 49, '230046', 2, 21, 'Douglas Luiz', 689, 0, 1, 11, 2, 0),
(106, 'Barkley', 'Ross', '3.3', 60, '88894', 2, 32, 'Barkley', 494, 2, 1, 9, 0, 0),
(496, 'Cash', 'Matthew', '2.0', 50, '199796', 2, 25, 'Cash', 685, 0, 0, 11, 3, 0),
(514, 'Watkins', 'Ollie', '7.3', 61, '178301', 2, 49, 'Watkins', 720, 6, 1, 11, 0, 0),
(540, 'Traore', 'Bertrand', '2.0', 59, '110504', 2, 10, 'Traore', 139, 0, 1, 5, 0, 0),
(554, 'Ramsey', 'Jacob', '0.0', 45, '232653', 2, 1, 'Ramsey', 13, 0, 0, 0, 0, 0),
(53, 'Murray', 'Glenn', '0.0', 48, '20529', 3, 0, 'Murray', 0, 0, 0, 0, 0, 0),
(54, 'Lallana', 'Adam', '3.0', 62, '39155', 3, 19, 'Lallana', 515, 0, 1, 7, 0, 0),
(57, 'Gros', 'Pascal', '3.8', 58, '60307', 3, 19, 'Gros', 342, 0, 2, 5, 0, 0),
(58, 'Duffy', 'Shane', '0.0', 44, '61933', 3, 0, 'Duffy', 0, 0, 0, 0, 0, 0),
(59, 'PrOpper', 'Davy', '0.0', 48, '66242', 3, 0, 'PrOpper', 0, 0, 0, 0, 0, 0),
(60, 'Mooy', 'Aaron', '0.0', 50, '74471', 3, 0, 'Mooy', 0, 0, 0, 0, 0, 0),
(61, 'Burn', 'Dan', '2.2', 44, '78916', 3, 12, 'Burn', 393, 0, 0, 4, 1, 0),
(62, 'Dunk', 'Lewis', '0.5', 48, '83299', 3, 7, 'Dunk', 540, 0, 0, 12, 1, 1),
(63, 'Montoya', 'Martin', '0.0', 45, '86153', 3, 0, 'Montoya', 0, 0, 0, 0, 0, 0),
(64, 'Andone', 'Florin', '0.0', 48, '93284', 3, 0, 'Andone', 0, 0, 0, 0, 0, 0),
(65, 'March', 'Solomon', '3.5', 50, '109345', 3, 35, 'March', 660, 2, 1, 13, 0, 0),
(66, 'Webster', 'Adam', '2.5', 44, '110735', 3, 20, 'Webster', 810, 0, 0, 15, 1, 0),
(67, 'Veltman', 'Joel', '3.2', 43, '111478', 3, 13, 'Veltman', 352, 0, 0, 6, 0, 0),
(68, 'Maupay', 'Neal', '1.5', 64, '115382', 3, 40, 'Maupay', 709, 4, 1, 13, 0, 0),
(69, 'Trossard', 'Leandro', '1.2', 60, '116216', 3, 27, 'Trossard', 588, 1, 2, 13, 1, 0),
(70, 'Ryan', 'Mathew', '2.8', 45, '131897', 3, 20, 'Ryan', 720, 0, 0, 13, 1, 0),
(71, 'Jahanbakhsh', 'Alireza', '0.2', 54, '165210', 3, 6, 'Jahanbakhsh', 35, 0, 1, 1, 1, 0),
(72, 'Izquierdo', 'Jose', '0.0', 55, '167473', 3, 0, 'Izquierdo', 0, 0, 0, 0, 0, 0),
(73, 'Clarke', 'Matthew', '0.0', 44, '178173', 3, 0, 'Clarke', 0, 0, 0, 0, 0, 0),
(74, 'White', 'Ben', '2.8', 45, '198869', 3, 20, 'White', 798, 0, 0, 15, 1, 0),
(75, 'Fernandes da Silva Junior', 'Bernardo', '0.2', 39, '209362', 3, 1, 'Bernardo', 25, 0, 0, 1, 0, 0),
(76, 'Bissouma', 'Yves', '1.8', 45, '227127', 3, 19, 'Bissouma', 718, 1, 0, 12, 3, 1),
(77, 'Lamptey', 'Tariq', '3.8', 48, '232792', 3, 28, 'Lamptey', 720, 1, 3, 13, 2, 1),
(78, 'Connolly', 'Aaron', '0.2', 53, '233425', 3, 18, 'Connolly', 288, 1, 1, 7, 0, 0),
(79, 'Alzate', 'Steven', '0.2', 45, '235382', 3, 9, 'Alzate', 350, 0, 0, 11, 1, 0),
(80, 'Mac Allister', 'Alexis', '0.5', 53, '243016', 3, 11, 'Mac Allister', 43, 1, 0, 1, 0, 0),
(503, 'Walton', 'Christian', '0.0', 40, '108813', 3, 0, 'Walton', 0, 0, 0, 0, 0, 0),
(528, 'Steele', 'Jason', '0.0', 40, '49262', 3, 0, 'Steele', 0, 0, 0, 0, 0, 0),
(550, 'Molumby', 'Jayson', '0.2', 45, '220738', 3, 1, 'Molumby', 1, 0, 0, 0, 0, 0),
(574, 'Zeqiri', 'Andi', '0.0', 50, '204676', 3, 0, 'Zeqiri', 0, 0, 0, 0, 0, 0),
(588, 'Welbeck', 'Danny', '3.0', 55, '50175', 3, 12, 'Welbeck', 191, 1, 0, 1, 0, 0),
(597, 'Sanchez', 'Robert', '0.3', 44, '215059', 3, 1, 'Sanchez', 90, 0, 0, 2, 0, 0),
(55, 'Stephens', 'Dale', '0.2', 44, '40845', 4, 5, 'Stephens', 202, 0, 0, 4, 0, 0),
(81, 'Tarkowski', 'James', '3.8', 54, '17761', 4, 21, 'Tarkowski', 540, 0, 0, 7, 1, 0),
(82, 'Bardsley', 'Phil', '0.0', 45, '17997', 4, 1, 'Bardsley', 270, 0, 0, 8, 2, 0),
(83, 'Pieters', 'Erik', '0.2', 43, '39487', 4, 5, 'Pieters', 146, 0, 0, 3, 0, 0),
(84, 'Cork', 'Jack', '0.0', 50, '40145', 4, 0, 'Cork', 0, 0, 0, 0, 0, 0),
(85, 'Long', 'Kevin', '0.2', 45, '41674', 4, 11, 'Long', 540, 0, 0, 12, 2, 0),
(86, 'Rodriguez', 'Jay', '1.8', 58, '44683', 4, 9, 'Rodriguez', 243, 0, 1, 5, 2, 0),
(87, 'Barnes', 'Ashley', '1.5', 60, '44699', 4, 9, 'Barnes', 381, 0, 0, 7, 1, 0),
(88, 'Mee', 'Ben', '3.5', 49, '51927', 4, 14, 'Mee', 180, 0, 0, 0, 0, 0),
(89, 'Westwood', 'Ashley', '2.5', 53, '60551', 4, 24, 'Westwood', 720, 1, 0, 12, 1, 0),
(90, 'Gudmundsson', 'Johann Berg', '1.2', 54, '60586', 4, 9, 'Gudmundsson', 239, 0, 0, 2, 0, 0),
(91, 'Wood', 'Chris', '3.5', 62, '60689', 4, 26, 'Wood', 713, 2, 0, 12, 0, 0),
(92, 'Lowton', 'Matthew', '3.5', 44, '68983', 4, 14, 'Lowton', 360, 0, 0, 4, 1, 0),
(93, 'Vydra', 'Matej', '0.5', 49, '81183', 4, 6, 'Vydra', 130, 0, 0, 2, 0, 0),
(94, 'Gibson', 'Ben', '0.0', 39, '83312', 4, 0, 'Gibson', 0, 0, 0, 0, 0, 0),
(95, 'Brady', 'Robbie', '1.2', 50, '90517', 4, 7, 'Brady', 183, 0, 0, 1, 0, 0),
(96, 'Pope', 'Nick', '6.0', 54, '98747', 4, 39, 'Pope', 720, 0, 0, 12, 0, 0),
(97, 'Taylor', 'Charlie', '4.5', 44, '103914', 4, 29, 'Taylor', 720, 0, 1, 12, 1, 0),
(98, 'Brownhill', 'Josh', '2.2', 50, '172782', 4, 18, 'Brownhill', 720, 0, 0, 12, 1, 0),
(99, 'Peacock-Farrell', 'Bailey', '0.0', 40, '220037', 4, 0, 'Peacock-Farrell', 0, 0, 0, 0, 0, 0),
(100, 'McNeil', 'Dwight', '2.5', 58, '433154', 4, 21, 'McNeil', 720, 0, 1, 12, 1, 0),
(519, 'Dunne', 'Jimmy', '0.0', 40, '218023', 4, 8, 'Dunne', 180, 1, 0, 5, 0, 0),
(520, 'Thomas', 'Bobby', '0.0', 40, '461102', 4, 0, 'Thomas', 0, 0, 0, 0, 0, 0),
(535, 'Benson', 'Josh', '0.0', 45, '217401', 4, 0, 'Benson', 0, 0, 0, 0, 0, 0),
(536, 'Driscoll-Glennon', 'Anthony', '0.0', 40, '195471', 4, 0, 'Driscoll-Glennon', 0, 0, 0, 0, 0, 0),
(551, 'Goodridge', 'Mace', '0.0', 45, '195064', 4, 0, 'Goodridge', 0, 0, 0, 0, 0, 0),
(583, 'Norris', 'Will', '0.0', 40, '168399', 4, 0, 'Norris', 0, 0, 0, 0, 0, 0),
(591, 'Thompson', 'Max', '0.0', 45, '461450', 4, 0, 'Thompson', 0, 0, 0, 0, 0, 0),
(592, 'Richardson', 'Lewis', '0.0', 45, '461096', 4, 0, 'Richardson', 0, 0, 0, 0, 0, 0),
(101, 'Caballero', 'Willy', '0.0', 48, '20310', 5, 1, 'Caballero', 90, 0, 0, 3, 0, 0),
(102, 'Azpilicueta', 'Cesar', '0.0', 58, '41328', 5, 17, 'Azpilicueta', 320, 0, 1, 3, 1, 0),
(103, 'Giroud', 'Olivier', '1.0', 67, '44346', 5, 4, 'Giroud', 36, 0, 0, 0, 0, 0),
(104, 'Alonso', 'Marcos', '0.0', 57, '82263', 5, 2, 'Alonso', 225, 0, 0, 6, 1, 0),
(105, 'Frello Filho', 'Jorge Luiz', '0.7', 52, '85955', 5, 37, 'Jorginho', 455, 3, 2, 6, 0, 0),
(107, 'Kovacic', 'Mateo', '2.7', 53, '91651', 5, 12, 'Kovacic', 290, 0, 1, 6, 0, 0),
(109, 'RUdiger', 'Antonio', '2.0', 45, '102380', 5, 6, 'RUdiger', 90, 0, 0, 0, 0, 0),
(110, 'Zouma', 'Kurt', '7.3', 54, '103192', 5, 54, 'Zouma', 720, 3, 0, 7, 0, 0),
(111, 'Palmieri dos Santos', 'Emerson', '0.3', 48, '109533', 5, 1, 'Emerson', 8, 0, 0, 0, 0, 0),
(112, 'Arrizabalaga', 'Kepa', '0.0', 48, '109745', 5, 6, 'Arrizabalaga', 270, 0, 0, 6, 0, 0),
(113, 'Kante', 'N\'Golo', '3.7', 49, '116594', 5, 24, 'Kante', 802, 0, 1, 10, 1, 0),
(114, 'Ziyech', 'Hakim', '9.3', 83, '124183', 5, 30, 'Ziyech', 275, 1, 3, 2, 0, 0),
(116, 'Christensen', 'Andreas', '0.0', 48, '135363', 5, 0, 'Christensen', 315, 0, 0, 9, 1, 1),
(117, 'Werner', 'Timo', '6.3', 95, '165153', 5, 48, 'Werner', 770, 4, 3, 9, 0, 0),
(118, 'Abraham', 'Tammy', '7.3', 72, '173879', 5, 36, 'Abraham', 467, 3, 2, 5, 0, 0),
(119, 'Pulisic', 'Christian', '0.0', 82, '176413', 5, 6, 'Pulisic', 173, 0, 0, 2, 0, 0),
(120, 'Mount', 'Mason', '4.7', 68, '184341', 5, 33, 'Mount', 629, 1, 3, 9, 0, 0),
(121, 'Tomori', 'Fikayo', '0.0', 47, '194794', 5, 0, 'Tomori', 45, 0, 0, 2, 0, 0),
(122, 'Hudson-Odoi', 'Callum', '0.7', 57, '209046', 5, 12, 'Hudson-Odoi', 168, 1, 0, 0, 0, 0),
(123, 'James', 'Reece', '5.3', 51, '225796', 5, 41, 'James', 633, 1, 1, 8, 1, 0),
(124, 'Gilmour', 'Billy', '0.0', 44, '243568', 5, 0, 'Gilmour', 0, 0, 0, 0, 0, 0),
(232, 'Chilwell', 'Benjamin', '7.0', 61, '172850', 5, 48, 'Chilwell', 531, 2, 2, 4, 1, 0),
(490, 'Thiago', 'Thiago', '4.7', 55, '51090', 5, 28, 'Thiago Silva', 432, 1, 0, 4, 0, 0),
(500, 'Havertz', 'Kai', '1.0', 83, '219847', 5, 26, 'Havertz', 550, 1, 2, 7, 1, 0),
(548, 'Mendy', 'Edouard', '4.7', 51, '228286', 5, 27, 'Mendy', 450, 0, 0, 1, 0, 0),
(593, 'Ziger', 'Karlo', '0.0', 40, '431019', 5, 0, 'Ziger', 0, 0, 0, 0, 0, 0),
(108, 'Batshuayi', 'Michy', '1.3', 58, '94245', 6, 16, 'Batshuayi', 369, 0, 2, 4, 0, 0),
(125, 'Cahill', 'Gary', '0.0', 45, '19419', 6, 2, 'Cahill', 90, 0, 0, 1, 0, 0),
(126, 'Hennessey', 'Wayne', '0.0', 44, '20066', 6, 0, 'Hennessey', 0, 0, 0, 0, 0, 0),
(127, 'Sakho', 'Mamadou', '0.0', 45, '40784', 6, 4, 'Sakho', 275, 0, 0, 8, 0, 0),
(128, 'Guaita', 'Vicente', '2.3', 50, '40836', 6, 24, 'Guaita', 810, 0, 0, 13, 2, 0),
(129, 'Tomkins', 'James', '0.0', 45, '49413', 6, 0, 'Tomkins', 0, 0, 0, 0, 0, 0),
(130, 'McArthur', 'James', '1.3', 53, '50471', 6, 13, 'McArthur', 608, 0, 0, 8, 2, 0),
(131, 'McCarthy', 'James', '0.3', 45, '50472', 6, 9, 'McCarthy', 329, 0, 0, 5, 1, 0),
(132, 'Benteke', 'Christian', '1.0', 55, '54861', 6, 5, 'Benteke', 34, 0, 0, 1, 0, 0),
(133, 'Kouyate', 'Cheikhou', '2.0', 50, '55037', 6, 26, 'Kouyate', 810, 1, 0, 13, 0, 0),
(134, 'Ward', 'Joel', '0.0', 44, '55494', 6, 9, 'Ward', 450, 0, 0, 8, 2, 0),
(135, 'Kelly', 'Martin', '0.0', 42, '58786', 6, 0, 'Kelly', 0, 0, 0, 0, 0, 0),
(136, 'Wickham', 'Connor', '0.0', 45, '59125', 6, 0, 'Wickham', 0, 0, 0, 0, 0, 0),
(137, 'Townsend', 'Andros', '2.0', 59, '60252', 6, 34, 'Townsend', 771, 1, 2, 13, 0, 0),
(138, 'Milivojevic', 'Luka', '-0.3', 56, '66975', 6, 5, 'Milivojevic', 223, 0, 0, 6, 0, 1),
(139, 'van Aanholt', 'Patrick', '2.3', 54, '74230', 6, 8, 'van Aanholt', 288, 0, 1, 5, 1, 0),
(140, 'Ayew', 'Jordan', '3.7', 57, '80146', 6, 22, 'Ayew', 519, 1, 1, 9, 0, 0),
(141, 'Zaha', 'Wilfried', '2.0', 74, '82403', 6, 54, 'Zaha', 720, 5, 2, 12, 2, 0),
(142, 'Schlupp', 'Jeffrey', '1.3', 54, '86417', 6, 19, 'Schlupp', 422, 0, 1, 2, 1, 0),
(143, 'Meyer', 'Max', '0.0', 48, '141020', 6, 0, 'Meyer', 0, 0, 0, 0, 0, 0),
(144, 'Riedewald', 'Jairo', '2.0', 44, '173954', 6, 19, 'Riedewald', 426, 1, 0, 7, 0, 0),
(145, 'Ferguson', 'Nathan', '0.0', 39, '232423', 6, 0, 'Ferguson', 0, 0, 0, 0, 0, 0),
(146, 'Mitchell', 'Tyrick', '0.0', 41, '244723', 6, 15, 'Mitchell', 540, 0, 1, 9, 1, 0),
(147, 'Pierrick', 'Brandon', '0.0', 44, '466955', 6, 0, 'Pierrick', 0, 0, 0, 0, 0, 0),
(486, 'Dann', 'Scott', '3.7', 44, '19188', 6, 20, 'Dann', 450, 1, 0, 5, 0, 0),
(489, 'Eze', 'Eberechi', '5.3', 58, '232413', 6, 23, 'Eze', 407, 1, 1, 10, 0, 0),
(522, 'Woods', 'Sam', '0.0', 40, '221272', 6, 0, 'Woods', 0, 0, 0, 0, 0, 0),
(534, 'Inniss', 'Ryan', '0.0', 40, '114536', 6, 0, 'Inniss', 0, 0, 0, 0, 0, 0),
(577, 'Clyne', 'Nathaniel', '1.7', 45, '57328', 6, 11, 'Clyne', 341, 0, 0, 4, 0, 0),
(578, 'Henderson', 'Stephen', '0.0', 40, '42525', 6, 0, 'Henderson', 0, 0, 0, 0, 0, 0),
(586, 'Butland', 'Jack', '0.0', 45, '105666', 6, 0, 'Butland', 0, 0, 0, 0, 0, 0),
(149, 'Delph', 'Fabian', '0.8', 49, '41823', 7, 4, 'Delph', 154, 0, 0, 3, 0, 0),
(150, 'Sigurdsson', 'Gylfi', '1.5', 68, '55422', 7, 15, 'Sigurdsson', 396, 0, 1, 8, 0, 0),
(151, 'LOssl', 'Jonas', '0.0', 44, '57513', 7, 0, 'LOssl', 0, 0, 0, 0, 0, 0),
(152, 'Coleman', 'Seamus', '0.2', 49, '59949', 7, 16, 'Coleman', 447, 0, 1, 8, 0, 0),
(153, 'Tosun', 'Cenk', '0.2', 60, '66838', 7, 1, 'Tosun', 31, 0, 0, 2, 1, 0),
(154, 'Anicio Caldeira Duarte', 'Bernard', '2.2', 58, '100649', 7, 9, 'Bernard', 165, 1, 0, 4, 1, 0),
(155, 'Digne', 'Lucas', '1.8', 61, '101188', 7, 34, 'Digne', 701, 0, 5, 14, 0, 1),
(156, 'Keane', 'Michael', '1.0', 51, '106611', 7, 28, 'Keane', 810, 2, 0, 16, 0, 0),
(157, 'Pickford', 'Jordan', '1.2', 49, '111234', 7, 20, 'Pickford', 720, 0, 0, 14, 0, 0),
(158, 'Tavares Gomes', 'Andre Filipe', '0.2', 54, '120250', 7, 9, 'Andre Gomes', 362, 0, 0, 6, 1, 0),
(159, 'Iwobi', 'Alex', '2.0', 59, '153133', 7, 16, 'Iwobi', 272, 0, 2, 8, 0, 0),
(160, 'Kenny', 'Jonjoe', '0.5', 43, '153673', 7, 2, 'Kenny', 75, 0, 0, 1, 0, 0),
(161, 'Gbamin', 'Jean-Philippe', '0.0', 50, '160987', 7, 0, 'Gbamin', 0, 0, 0, 0, 0, 0),
(162, 'Mina', 'Yerry', '0.5', 55, '164511', 7, 20, 'Mina', 720, 1, 0, 13, 1, 0),
(163, 'Davies', 'Tom', '0.2', 53, '173807', 7, 5, 'Davies', 108, 0, 0, 2, 0, 0),
(164, 'Calvert-Lewin', 'Dominic', '6.8', 78, '177815', 7, 70, 'Calvert-Lewin', 788, 10, 1, 16, 1, 0),
(165, 'Holgate', 'Mason', '0.0', 48, '194164', 7, 0, 'Holgate', 90, 0, 0, 3, 1, 0),
(166, 'de Andrade', 'Richarlison', '1.2', 78, '212319', 7, 27, 'Richarlison', 457, 1, 4, 7, 1, 1),
(167, 'Virginia', 'Joao', '0.0', 44, '222627', 7, 0, 'Virginia', 0, 0, 0, 0, 0, 0),
(168, 'Gordon', 'Anthony', '0.2', 43, '232826', 7, 1, 'Gordon', 32, 0, 0, 0, 0, 0),
(169, 'Kean', 'Moise', '0.0', 58, '242058', 7, 2, 'Kean', 13, 0, 0, 0, 0, 0),
(170, 'Branthwaite', 'Jarrad', '0.0', 39, '480455', 7, 0, 'Branthwaite', 0, 0, 0, 0, 0, 0),
(502, 'Marques Loureiro', 'Allan', '1.5', 53, '119765', 7, 14, 'Allan', 720, 0, 0, 14, 3, 0),
(508, 'Rodriguez', 'James', '1.5', 79, '60025', 7, 45, 'Rodriguez', 661, 3, 3, 12, 1, 0),
(512, 'Doucoure', 'Abdoulaye', '3.0', 53, '121599', 7, 25, 'Doucoure', 738, 1, 1, 16, 3, 0),
(559, 'Nkounkou', 'Niels', '0.2', 40, '495542', 7, 1, 'Nkounkou', 68, 0, 0, 1, 1, 0),
(566, 'Godfrey', 'Ben', '0.5', 50, '198826', 7, 3, 'Godfrey', 239, 0, 0, 5, 0, 0),
(573, 'Olsen', 'Robin', '0.2', 45, '111782', 7, 1, 'Olsen', 90, 0, 0, 2, 0, 0),
(596, 'Simms', 'Ellis', '0.0', 45, '218997', 7, 0, 'Simms', 0, 0, 0, 0, 0, 0),
(115, 'Loftus-Cheek', 'Ruben', '2.0', 59, '126187', 8, 13, 'Loftus-Cheek', 252, 1, 0, 4, 1, 0),
(171, 'Agosto Ramirez', 'Fabricio', '0.0', 40, '40559', 8, 0, 'Fabri', 0, 0, 0, 0, 0, 0),
(172, 'McDonald', 'Kevin', '0.0', 47, '55038', 8, 0, 'McDonald', 0, 0, 0, 0, 0, 0),
(173, 'Le Marchand', 'Maxime', '0.0', 42, '61739', 8, 1, 'Le Marchand', 122, 0, 0, 1, 2, 0),
(174, 'Johansen', 'Stefan', '0.0', 47, '61916', 8, 0, 'Johansen', 0, 0, 0, 0, 0, 0),
(175, 'Cairney', 'Tom', '3.0', 53, '76357', 8, 24, 'Cairney', 687, 1, 1, 14, 2, 0),
(176, 'Ream', 'Tim', '0.0', 44, '82514', 8, 7, 'Ream', 450, 0, 0, 10, 0, 0),
(177, 'Knockaert', 'Anthony', '0.0', 51, '83543', 8, 0, 'Knockaert', 0, 0, 0, 0, 0, 0),
(178, 'Hector', 'Michael', '0.0', 43, '84915', 8, 0, 'Hector', 237, 0, 0, 10, 1, 0),
(179, 'Christie', 'Cyrus', '0.0', 43, '87107', 8, 0, 'Christie', 0, 0, 0, 0, 0, 0),
(180, 'Kebano', 'Neeskens', '0.0', 48, '92259', 8, 5, 'Kebano', 115, 0, 0, 3, 0, 0),
(181, 'Decordova-Reid', 'Bobby', '4.3', 53, '96994', 8, 23, 'Decordova-Reid', 443, 3, 0, 7, 3, 0),
(182, 'Bryan', 'Joe', '0.3', 47, '101105', 8, 7, 'Bryan', 337, 0, 1, 11, 1, 0),
(183, 'Bettinelli', 'Marcus', '0.0', 44, '122074', 8, 0, 'Bettinelli', 0, 0, 0, 0, 0, 0),
(184, 'Mitrovi?', 'Aleksandar', '3.3', 57, '128389', 8, 29, 'Mitrovi?', 689, 2, 2, 12, 2, 0),
(185, 'Mawson', 'Alfie', '0.0', 43, '149266', 8, 0, 'Mawson', 0, 0, 0, 0, 0, 0),
(186, 'Rodak', 'Marek', '0.0', 44, '155529', 8, 1, 'Rodak', 90, 0, 0, 3, 0, 0),
(187, 'Neves Abreu Cavaleiro', 'Ivan Ricardo', '0.7', 53, '166324', 8, 11, 'Cavaleiro', 522, 0, 0, 15, 1, 0),
(188, 'Onomah', 'Josh', '0.0', 47, '168765', 8, 3, 'Onomah', 131, 0, 0, 7, 0, 0),
(189, 'Seri', 'Jean Michael', '0.0', 46, '170271', 8, 0, 'Seri', 0, 0, 0, 0, 0, 0),
(190, 'Kamara', 'Aboubakar', '0.0', 48, '197030', 8, 2, 'Kamara', 214, 0, 0, 8, 1, 1),
(191, 'Zambo Anguissa', 'Andre-Frank', '2.0', 45, '203325', 8, 19, 'Anguissa', 653, 0, 1, 12, 1, 0),
(192, 'Sessegnon', 'Zeze Steven', '0.0', 43, '208998', 8, 0, 'Sessegnon', 0, 0, 0, 0, 0, 0),
(373, 'Reed', 'Harrison', '1.3', 45, '153366', 8, 12, 'Reed', 395, 0, 1, 11, 1, 0),
(484, 'Robinson', 'Antonee', '3.0', 44, '169528', 8, 14, 'Robinson', 540, 0, 0, 8, 1, 0),
(493, 'Lemina', 'Mario', '1.0', 45, '151086', 8, 7, 'Lemina', 220, 0, 0, 6, 0, 0),
(516, 'Areola', 'Alphonse', '4.0', 45, '84182', 8, 23, 'Areola', 720, 0, 0, 15, 0, 0),
(517, 'Tete', 'Kenny', '0.0', 43, '167074', 8, 2, 'Tete', 128, 0, 1, 6, 1, 0),
(525, 'Odoi', 'Denis', '0.0', 43, '72681', 8, 1, 'Odoi', 270, 0, 0, 10, 1, 0),
(557, 'Lookman', 'Ademola', '2.3', 50, '219352', 8, 20, 'Lookman', 472, 1, 1, 7, 1, 0),
(562, 'Aina', 'Ola', '6.0', 45, '159506', 8, 23, 'Aina', 540, 1, 0, 8, 0, 0),
(571, 'Andersen', 'Joachim', '3.0', 45, '174874', 8, 9, 'Andersen', 270, 0, 0, 4, 0, 0),
(572, 'Adarabioyo', 'Tosin', '3.0', 45, '109646', 8, 12, 'Adarabioyo', 450, 0, 0, 7, 0, 0),
(585, 'Kongolo', 'Terence', '0.0', 44, '109434', 8, 0, 'Kongolo', 0, 0, 0, 0, 0, 0),
(216, 'Morgan', 'Wes', '0.5', 44, '15033', 9, 3, 'Morgan', 16, 0, 0, 0, 0, 0),
(217, 'Schmeichel', 'Kasper', '5.8', 55, '17745', 9, 38, 'Schmeichel', 810, 0, 0, 12, 0, 0),
(218, 'Fuchs', 'Christian', '4.0', 45, '37402', 9, 17, 'Fuchs', 341, 0, 0, 4, 1, 0),
(219, 'Evans', 'Jonny', '2.2', 55, '37642', 9, 12, 'Evans', 529, 0, 0, 8, 4, 0),
(220, 'Silva', 'Adrien', '0.0', 44, '46483', 9, 0, 'Silva', 0, 0, 0, 0, 0, 0),
(221, 'Albrighton', 'Marc', '1.5', 53, '51938', 9, 8, 'Albrighton', 260, 0, 0, 4, 0, 0),
(222, 'James', 'Matty', '0.0', 43, '61604', 9, 0, 'James', 0, 0, 0, 0, 0, 0),
(223, 'Ward', 'Danny', '0.0', 44, '95463', 9, 0, 'Ward', 0, 0, 0, 0, 0, 0),
(224, 'Vardy', 'Jamie', '6.8', 102, '101668', 9, 61, 'Vardy', 648, 8, 2, 11, 0, 0),
(225, 'Praet', 'Dennis', '2.5', 55, '106837', 9, 29, 'Praet', 519, 1, 2, 5, 0, 0),
(226, 'Barbosa Pereira', 'Ricardo Domingos', '0.0', 59, '111931', 9, 0, 'Pereira', 0, 0, 0, 0, 0, 0),
(227, 'Amartey', 'Daniel', '0.0', 39, '155569', 9, 0, 'Amartey', 144, 0, 0, 4, 1, 0),
(228, 'Tielemans', 'Youri', '5.5', 64, '166989', 9, 36, 'Tielemans', 810, 3, 0, 12, 3, 0),
(229, 'Perez', 'Ayoze', '0.0', 61, '168580', 9, 8, 'Perez', 280, 0, 0, 4, 1, 0),
(230, 'Gray', 'Demarai', '0.0', 52, '172632', 9, 0, 'Gray', 0, 0, 0, 0, 0, 0),
(231, 'Maddison', 'James', '2.8', 70, '172780', 9, 24, 'Maddison', 358, 1, 2, 6, 1, 0),
(233, 'Iheanacho', 'Kelechi', '0.0', 56, '173515', 9, 4, 'Iheanacho', 101, 0, 0, 1, 0, 0),
(234, 'Choudhury', 'Hamza', '0.0', 48, '197469', 9, 2, 'Choudhury', 13, 0, 0, 1, 0, 0),
(235, 'Barnes', 'Harvey', '3.5', 69, '201666', 9, 36, 'Barnes', 673, 2, 1, 11, 0, 0),
(236, 'Ndidi', 'Wilfred', '0.0', 48, '203341', 9, 5, 'Ndidi', 180, 0, 0, 2, 0, 0),
(237, 'Benkovic', 'Filip', '0.0', 43, '213405', 9, 0, 'Benkovic', 0, 0, 0, 0, 0, 0),
(238, 'SOyUncU', 'caglar', '0.0', 53, '218031', 9, 8, 'SOyUncU', 360, 0, 0, 7, 1, 0),
(239, 'Justin', 'James', '3.5', 48, '220627', 9, 34, 'Justin', 810, 1, 1, 12, 2, 0),
(240, 'Thomas', 'Luke', '0.5', 43, '244619', 9, 2, 'Thomas', 135, 0, 0, 1, 1, 0),
(498, 'Castagne', 'Timothy', '1.5', 57, '166477', 9, 35, 'Castagne', 540, 1, 3, 8, 1, 0),
(518, 'Mendy', 'Nampalys', '2.2', 45, '86881', 9, 22, 'Mendy', 795, 0, 1, 11, 3, 0),
(541, 'Under', 'Cengiz', '2.2', 59, '228798', 9, 10, 'Under', 97, 0, 2, 2, 0, 0),
(561, 'Fofana', 'Wesley', '3.8', 50, '444463', 9, 17, 'Fofana', 450, 0, 0, 5, 2, 0),
(579, 'Slimani', 'Islam', '0.0', 50, '149828', 9, 1, 'Slimani', 19, 0, 0, 1, 0, 0),
(193, 'Hernandez Dominguez', 'Pablo', '0.7', 57, '28690', 10, 6, 'Hernandez', 153, 0, 0, 5, 0, 0),
(194, 'Casilla Cortes', 'Francisco', '0.0', 43, '39790', 10, 0, 'Casilla', 0, 0, 0, 0, 0, 0),
(195, 'Cooper', 'Liam', '1.3', 44, '55914', 10, 14, 'Cooper', 540, 0, 0, 12, 2, 0),
(196, 'Douglas', 'Barry', '0.0', 38, '57913', 10, 0, 'Douglas', 0, 0, 0, 0, 0, 0),
(197, 'Ayling', 'Luke', '2.0', 45, '66588', 10, 23, 'Ayling', 789, 0, 0, 17, 1, 0),
(198, 'Klich', 'Mateusz', '3.0', 56, '72222', 10, 39, 'Klich', 786, 2, 3, 16, 3, 0),
(199, 'Forshaw', 'Adam', '0.0', 48, '80179', 10, 0, 'Forshaw', 0, 0, 0, 0, 0, 0),
(200, 'Dallas', 'Stuart', '3.7', 45, '87873', 10, 30, 'Dallas', 800, 1, 1, 16, 3, 0),
(201, 'Alioski', 'Ezgjan', '3.3', 44, '105377', 10, 20, 'Alioski', 345, 0, 0, 6, 0, 0),
(202, 'Bamford', 'Patrick', '3.7', 61, '106617', 10, 60, 'Bamford', 760, 7, 2, 16, 1, 0),
(203, 'Harrison', 'Jack', '3.7', 55, '221399', 10, 32, 'Harrison', 700, 1, 2, 16, 0, 0),
(204, 'Phillips', 'Kalvin', '0.7', 49, '155405', 10, 14, 'Phillips', 540, 0, 1, 9, 3, 0),
(205, 'Sousa de Azevedo e Costa', 'Helder Wander', '0.3', 56, '165808', 10, 33, 'Costa', 622, 2, 2, 16, 0, 0),
(206, 'Roberts', 'Tyler', '0.7', 48, '173821', 10, 6, 'Roberts', 215, 0, 0, 6, 0, 0),
(207, 'Grot', 'Jay-Roy', '0.0', 48, '204642', 10, 0, 'Grot', 0, 0, 0, 0, 0, 0),
(208, 'Miazek', 'Kamil', '0.0', 40, '214987', 10, 0, 'Miazek', 0, 0, 0, 0, 0, 0),
(209, 'Poveda-Ocampo', 'Ian Carlo', '0.7', 44, '215460', 10, 5, 'Poveda-Ocampo', 143, 0, 0, 2, 0, 0),
(210, 'Shackleton', 'Jamie', '0.3', 48, '221610', 10, 5, 'Shackleton', 123, 0, 0, 3, 0, 0),
(211, 'Struijk', 'Pascal', '0.0', 40, '222694', 10, 2, 'Struijk', 254, 0, 0, 9, 1, 0),
(212, 'Stevens', 'Jordan', '0.0', 44, '434138', 10, 0, 'Stevens', 0, 0, 0, 0, 0, 0),
(213, 'Meslier', 'Illan', '2.7', 45, '437495', 10, 32, 'Meslier', 810, 0, 0, 17, 0, 0),
(214, 'Davis', 'Leif', '0.0', 40, '455084', 10, 1, 'Davis', 13, 0, 0, 0, 0, 0),
(215, 'Casey', 'Oliver', '0.0', 39, '467114', 10, 0, 'Casey', 0, 0, 0, 0, 0, 0),
(491, 'Koch', 'Robin', '2.0', 45, '193645', 10, 25, 'Koch', 810, 0, 0, 17, 0, 0),
(492, 'Moreno', 'Rodrigo', '0.3', 57, '80954', 10, 19, 'Rodrigo', 340, 1, 1, 3, 0, 0),
(532, 'Caprile', 'Elia', '0.0', 40, '463912', 10, 0, 'Caprile', 0, 0, 0, 0, 0, 0),
(533, 'Bogusz', 'Mateusz', '0.0', 44, '480216', 10, 0, 'Bogusz', 0, 0, 0, 0, 0, 0),
(549, 'Llorente', 'Diego', '0.0', 44, '149915', 10, 0, 'Llorente', 0, 0, 0, 0, 0, 0),
(570, 'Dias Belloli', 'Raphael', '1.3', 54, '219961', 10, 6, 'Raphinha', 150, 0, 0, 1, 0, 0),
(599, 'Jenkins', 'Jack', '0.0', 45, '492374', 10, 0, 'Jenkins', 0, 0, 0, 0, 0, 0),
(241, 'Milner', 'James', '4.3', 53, '15157', 11, 17, 'Milner', 184, 0, 2, 1, 0, 0),
(242, 'Tsimikas', 'Konstantinos', '0.0', 49, '214285', 11, 0, 'Tsimikas', 0, 0, 0, 0, 0, 0),
(243, 'Wijnaldum', 'Georginio', '2.3', 53, '41733', 11, 19, 'Wijnaldum', 721, 0, 0, 14, 0, 0),
(244, 'Henderson', 'Jordan', '1.3', 54, '56979', 11, 11, 'Henderson', 470, 0, 0, 7, 0, 0),
(245, 'San Miguel del Castillo', 'Adrian', '0.0', 44, '60706', 11, 2, 'Adrian', 180, 0, 0, 9, 0, 0),
(246, 'Matip', 'Joel', '2.3', 54, '60914', 11, 9, 'Matip', 271, 0, 0, 3, 1, 0),
(247, 'Shaqiri', 'Xherdan', '1.7', 64, '68312', 11, 5, 'Shaqiri', 51, 0, 1, 0, 0, 0),
(248, 'Oxlade-Chamberlain', 'Alex', '0.0', 63, '81880', 11, 0, 'Chamberlain', 0, 0, 0, 0, 0, 0),
(249, 'Firmino', 'Roberto', '3.0', 92, '92217', 11, 33, 'Firmino', 708, 2, 2, 14, 1, 0),
(250, 'van Dijk', 'Virgil', '0.0', 63, '97032', 11, 15, 'van Dijk', 370, 1, 0, 11, 1, 0),
(251, 'Mane', 'Sadio', '3.3', 121, '110979', 11, 49, 'Mane', 707, 4, 3, 9, 2, 0),
(252, 'Ramses Becker', 'Alisson', '4.0', 59, '116535', 11, 31, 'Alisson', 630, 0, 0, 7, 0, 0),
(253, 'Tavares', 'Fabio Henrique', '1.0', 54, '116643', 11, 17, 'Fabinho', 572, 0, 1, 12, 1, 0),
(254, 'Salah', 'Mohamed', '5.7', 122, '118748', 11, 67, 'Salah', 719, 8, 1, 16, 0, 0),
(255, 'Robertson', 'Andrew', '5.3', 71, '122798', 11, 43, 'Robertson', 810, 1, 3, 16, 0, 0),
(256, 'Origi', 'Divock', '0.3', 52, '152760', 11, 1, 'Origi', 1, 0, 0, 0, 0, 0),
(257, 'Wilson', 'Harry', '0.0', 51, '153682', 11, 0, 'Harry Wilson', 0, 0, 0, 0, 0, 0),
(258, 'Minamino', 'Takumi', '0.3', 60, '157882', 11, 5, 'Minamino', 58, 0, 0, 3, 0, 0),
(259, 'Alexander-Arnold', 'Trent', '1.3', 73, '169187', 11, 21, 'Alexander-Arnold', 690, 0, 1, 16, 1, 0),
(260, 'Gomez', 'Joseph', '1.3', 53, '171287', 11, 10, 'Gomez', 589, 0, 0, 14, 0, 0),
(261, 'Keita', 'Naby', '0.3', 52, '175592', 11, 8, 'Keita', 295, 0, 0, 7, 0, 0),
(263, 'Jones', 'Curtis', '1.7', 44, '206915', 11, 7, 'Jones', 212, 0, 0, 4, 0, 0),
(264, 'Williams', 'Neco', '0.3', 39, '215136', 11, 1, 'Neco Williams', 37, 0, 0, 0, 0, 0),
(265, 'Elliott', 'Harvey', '0.0', 43, '444884', 11, 0, 'Elliott', 0, 0, 0, 0, 0, 0),
(468, 'Jota', 'Diogo', '6.3', 66, '194634', 11, 37, 'Jota', 392, 4, 0, 10, 0, 0),
(531, 'Alcantara do Nascimento', 'Thiago', '0.0', 59, '61558', 11, 3, 'Thiago', 135, 0, 0, 2, 0, 0),
(560, 'Kelleher', 'Caoimhin', '0.0', 45, '200720', 11, 0, 'Kelleher', 0, 0, 0, 0, 0, 0),
(589, 'Phillips', 'Nathaniel', '0.7', 40, '197464', 11, 2, 'Phillips', 90, 0, 0, 1, 0, 0),
(594, 'Williams', 'Rhys', '0.0', 40, '219937', 11, 0, 'Rhys Williams', 0, 0, 0, 0, 0, 0),
(601, 'Clarkson', 'Leighton', '0.0', 45, '233489', 11, 0, 'Clarkson', 0, 0, 0, 0, 0, 0),
(266, 'Luiz Rosa', 'Fernando', '0.0', 54, '27789', 12, 5, 'Fernandinho', 154, 0, 0, 2, 0, 0),
(267, 'Bravo', 'Claudio', '0.0', 45, '33148', 12, 0, 'Bravo', 0, 0, 0, 0, 0, 0),
(268, 'AgUero', 'Sergio', '0.0', 103, '37572', 12, 3, 'AgUero', 109, 0, 0, 1, 0, 0),
(269, 'Otamendi', 'Nicolas', '0.0', 49, '57410', 12, 0, 'Otamendi', 0, 0, 0, 0, 0, 0),
(270, 'Walker', 'Kyle', '5.7', 61, '58621', 12, 30, 'Walker', 707, 1, 0, 11, 1, 0),
(271, 'GUndogan', 'Ilkay', '1.0', 54, '59859', 12, 6, 'GUndogan', 210, 0, 0, 2, 0, 0),
(272, 'De Bruyne', 'Kevin', '3.7', 116, '61366', 12, 29, 'De Bruyne', 562, 1, 3, 10, 0, 0),
(273, 'Stones', 'John', '0.0', 48, '97299', 12, 2, 'Stones', 90, 0, 0, 1, 0, 0),
(274, 'Mendy', 'Benjamin', '0.0', 59, '102826', 12, 2, 'Mendy', 250, 0, 0, 7, 2, 0),
(275, 'Mahrez', 'Riyad', '1.7', 82, '103025', 12, 24, 'Mahrez', 501, 1, 1, 9, 0, 0),
(276, 'Sterling', 'Raheem', '1.7', 115, '103955', 12, 34, 'Sterling', 639, 2, 1, 9, 1, 0),
(277, 'Cancelo', 'Joao Pedro Cavaco', '4.0', 55, '121145', 12, 25, 'Cancelo', 450, 0, 1, 4, 1, 0),
(278, 'Santana de Moraes', 'Ederson', '3.3', 60, '121160', 12, 25, 'Ederson', 720, 0, 0, 11, 0, 0),
(279, 'Ake', 'Nathan', '0.0', 55, '126184', 12, 13, 'Ake', 289, 1, 0, 6, 2, 0),
(280, 'Laporte', 'Aymeric', '3.3', 60, '146941', 12, 12, 'Laporte', 360, 0, 0, 4, 1, 0),
(281, 'Veiga de Carvalho e Silva', 'Bernardo Mota', '2.0', 74, '165809', 12, 12, 'Bernardo Silva', 372, 0, 0, 3, 0, 0),
(282, 'de Jesus', 'Gabriel Fernando', '3.7', 93, '205651', 12, 17, 'Jesus', 270, 2, 0, 4, 1, 0),
(283, 'Zinchenko', 'Oleksandr', '0.0', 55, '206325', 12, 1, 'Zinchenko', 12, 0, 0, 0, 0, 0),
(284, 'Foden', 'Phil', '0.7', 65, '209244', 12, 27, 'Foden', 403, 2, 1, 5, 0, 0),
(285, 'Doyle', 'Tommy', '0.0', 44, '220394', 12, 0, 'Doyle', 0, 0, 0, 0, 0, 0),
(286, 'Hernandez', 'Rodrigo', '2.3', 54, '220566', 12, 16, 'Rodrigo', 720, 0, 0, 11, 2, 0),
(287, 'Torres', 'Ferran', '2.0', 69, '224444', 12, 13, 'Torres', 329, 0, 1, 6, 1, 0),
(288, 'Garcia', 'Eric', '0.0', 48, '432656', 12, 2, 'Garcia', 180, 0, 0, 6, 0, 0),
(537, 'Bernabe', 'Adrian', '0.0', 45, '449926', 12, 0, 'Bernabe', 0, 0, 0, 0, 0, 0),
(538, 'Steffen', 'Zack', '0.0', 45, '164484', 12, 0, 'Steffen', 0, 0, 0, 0, 0, 0),
(539, 'Delap', 'Liam', '0.0', 44, '463034', 12, 1, 'Delap', 39, 0, 0, 4, 0, 0),
(552, 'Palmer', 'Cole', '0.0', 45, '244851', 12, 0, 'Palmer', 0, 0, 0, 0, 0, 0),
(556, 'Gato Alves Dias', 'Ruben Santos', '2.7', 55, '171314', 12, 17, 'Dias', 540, 0, 0, 5, 2, 0),
(595, 'Trafford', 'James', '0.0', 40, '432720', 12, 0, 'Trafford', 0, 0, 0, 0, 0, 0),
(289, 'Romero', 'Sergio', '0.0', 49, '42899', 13, 0, 'Romero', 0, 0, 0, 0, 0, 0),
(290, 'Mata', 'Juan', '2.7', 59, '43670', 13, 14, 'Mata', 290, 0, 2, 2, 0, 0),
(291, 'de Gea', 'David', '3.3', 54, '51940', 13, 21, 'de Gea', 720, 0, 0, 14, 0, 0),
(292, 'Smalling', 'Chris', '0.0', 49, '55909', 13, 0, 'Smalling', 0, 0, 0, 0, 0, 0),
(293, 'Ighalo', 'Odion', '0.0', 62, '58498', 13, 1, 'Ighalo', 9, 0, 0, 1, 0, 0),
(294, 'Rojo', 'Marcos', '0.0', 48, '58893', 13, 0, 'Rojo', 0, 0, 0, 0, 0, 0),
(295, 'Matic', 'Nemanja', '1.3', 48, '62398', 13, 10, 'Matic', 254, 0, 1, 7, 1, 0),
(296, 'Pogba', 'Paul', '1.0', 77, '74208', 13, 11, 'Pogba', 371, 0, 0, 9, 0, 0),
(297, 'Jones', 'Phil', '0.0', 49, '76359', 13, 0, 'Jones', 0, 0, 0, 0, 0, 0),
(298, 'Maguire', 'Harry', '3.0', 54, '95658', 13, 27, 'Maguire', 720, 1, 1, 14, 2, 0),
(299, 'Rodrigues de Paula Santos', 'Frederico', '2.0', 53, '101582', 13, 12, 'Fred', 462, 0, 0, 5, 3, 0),
(300, 'Shaw', 'Luke', '3.0', 48, '106760', 13, 14, 'Shaw', 606, 0, 1, 14, 2, 0),
(301, 'Lingard', 'Jesse', '0.0', 59, '109322', 13, 0, 'Lingard', 0, 0, 0, 0, 0, 0),
(302, 'Borges Fernandes', 'Bruno Miguel', '10.0', 108, '141746', 13, 64, 'Fernandes', 659, 6, 3, 12, 2, 0),
(303, 'Martial', 'Anthony', '1.3', 87, '148225', 13, 9, 'Martial', 377, 0, 1, 11, 0, 1),
(304, 'Pereira', 'Andreas', '0.0', 48, '156689', 13, 0, 'Pereira', 0, 0, 0, 0, 0, 0),
(305, 'Henderson', 'Dean', '0.0', 53, '172649', 13, 0, 'Henderson', 0, 0, 0, 0, 0, 0),
(306, 'Rashford', 'Marcus', '3.3', 95, '176297', 13, 38, 'Rashford', 708, 2, 3, 14, 1, 0),
(307, 'Tuanzebe', 'Axel', '0.3', 44, '180804', 13, 1, 'Tuanzebe', 23, 0, 0, 0, 0, 0),
(308, 'LindelOf', 'Victor', '3.7', 49, '184667', 13, 21, 'LindelOf', 630, 0, 0, 8, 0, 0),
(309, 'McTominay', 'Scott', '1.7', 49, '195851', 13, 13, 'McTominay', 493, 0, 0, 8, 0, 0),
(310, 'Bailly', 'Eric', '0.0', 49, '197365', 13, -1, 'Bailly', 98, 0, 0, 7, 1, 0),
(311, 'James', 'Daniel', '0.0', 63, '200617', 13, 3, 'James', 177, 0, 0, 2, 1, 0),
(312, 'Fosu-Mensah', 'Timothy', '0.0', 44, '201084', 13, 0, 'Fosu-Mensah', 80, 0, 0, 2, 1, 0),
(313, 'Wan-Bissaka', 'Aaron', '4.0', 54, '214590', 13, 26, 'Wan-Bissaka', 630, 1, 0, 11, 0, 0),
(314, 'Dalot Teixeira', 'Jose Diogo', '0.0', 48, '216051', 13, 0, 'Dalot', 0, 0, 0, 0, 0, 0),
(315, 'Greenwood', 'Mason', '0.3', 71, '220688', 13, 7, 'Greenwood', 274, 0, 0, 9, 1, 0),
(316, 'Chong', 'Tahith', '0.0', 45, '222677', 13, 0, 'Chong', 0, 0, 0, 0, 0, 0),
(317, 'Garner', 'James', '0.0', 44, '232928', 13, 0, 'Garner', 0, 0, 0, 0, 0, 0),
(318, 'Williams', 'Brandon', '0.0', 43, '232937', 13, 0, 'Williams', 0, 0, 0, 0, 0, 0),
(319, 'Mengi', 'Teden', '0.0', 39, '244856', 13, 0, 'Mengi', 0, 0, 0, 0, 0, 0),
(495, 'van de Beek', 'Donny', '0.7', 67, '180184', 13, 11, 'van de Beek', 86, 1, 0, 4, 0, 0),
(568, 'Telles', 'Alex Nicolao', '2.0', 55, '152590', 13, 6, 'Telles', 90, 0, 0, 0, 0, 0),
(569, 'Cavani', 'Edinson', '2.0', 80, '40720', 13, 7, 'Cavani', 82, 1, 0, 0, 1, 0),
(575, 'Pellistri', 'Facundo', '0.0', 53, '488404', 13, 0, 'Pellistri', 0, 0, 0, 0, 0, 0),
(320, 'Carroll', 'Andy', '1.0', 52, '40142', 14, 11, 'Carroll', 178, 0, 1, 4, 0, 0),
(321, 'Shelvey', 'Jonjo', '0.0', 53, '50232', 14, 9, 'Shelvey', 431, 0, 0, 8, 2, 0),
(322, 'Ritchie', 'Matt', '0.0', 49, '56983', 14, 2, 'Ritchie', 68, 0, 0, 1, 0, 0),
(323, 'Fernandez', 'Federico', '1.0', 49, '57145', 14, 15, 'Fernandez', 810, 0, 0, 15, 1, 0),
(324, 'Clark', 'Ciaran', '0.2', 45, '58845', 14, 1, 'Clark', 90, 0, 0, 2, 0, 0),
(325, 'Darlow', 'Karl', '2.2', 50, '59735', 14, 36, 'Darlow', 810, 0, 0, 15, 0, 0),
(326, 'Dubravka', 'Martin', '0.0', 49, '67089', 14, 0, 'Dubravka', 0, 0, 0, 0, 0, 0),
(327, 'Lejeune', 'Florian', '0.0', 43, '77359', 14, 0, 'Lejeune', 0, 0, 0, 0, 0, 0),
(328, 'Lascelles', 'Jamaal', '1.5', 44, '101148', 14, 14, 'Lascelles', 672, 0, 0, 13, 1, 0),
(329, 'Gayle', 'Dwight', '0.0', 59, '104547', 14, 0, 'Gayle', 0, 0, 0, 0, 0, 0),
(330, 'Atsu', 'Christian', '0.0', 52, '104953', 14, 0, 'Atsu', 0, 0, 0, 0, 0, 0),
(331, 'Dummett', 'Paul', '0.0', 44, '106618', 14, 0, 'Dummett', 0, 0, 0, 0, 0, 0),
(332, 'Manquillo', 'Javier', '0.2', 44, '109528', 14, 10, 'Manquillo', 369, 0, 0, 7, 1, 0),
(333, 'Krafth', 'Emil', '0.0', 43, '111773', 14, 4, 'Krafth', 180, 0, 1, 5, 1, 0),
(334, 'Schar', 'Fabian', '1.5', 49, '119471', 14, 7, 'Schar', 410, 0, 0, 8, 0, 0),
(335, 'Yedlin', 'DeAndre', '0.0', 43, '151119', 14, 0, 'Yedlin', 0, 0, 0, 0, 0, 0),
(336, 'Hayden', 'Isaac', '0.5', 48, '153127', 14, 10, 'Hayden', 505, 0, 0, 9, 3, 0),
(337, 'Aarons', 'Rolando', '0.0', 48, '155513', 14, 0, 'Aarons', 0, 0, 0, 0, 0, 0),
(338, 'Saint-Maximin', 'Allan', '2.5', 53, '170137', 14, 28, 'Saint-Maximin', 582, 1, 1, 11, 0, 0),
(339, 'Almiron', 'Miguel', '1.8', 57, '179018', 14, 15, 'Almiron', 415, 0, 1, 7, 1, 0),
(340, 'Apolinario de Lira', 'Joelinton Cassio', '1.0', 57, '180974', 14, 10, 'Joelinton', 397, 0, 0, 8, 2, 0),
(341, 'Muto', 'Yoshinori', '0.0', 48, '196118', 14, 0, 'Muto', 0, 0, 0, 0, 0, 0),
(342, 'Watts', 'Kelland', '0.0', 40, '232977', 14, 0, 'Watts', 0, 0, 0, 0, 0, 0),
(480, 'Longstaff', 'Sean', '1.5', 48, '180135', 14, 8, 'Sean Longstaff', 284, 0, 0, 6, 1, 0),
(485, 'Hendrick', 'Jeff', '1.5', 49, '83314', 14, 28, 'Hendrick', 670, 1, 1, 10, 0, 0),
(487, 'Longstaff', 'Matthew', '0.2', 49, '223175', 14, 1, 'Matty Longstaff', 29, 0, 0, 1, 0, 0),
(488, 'Gillespie', 'Mark', '0.0', 44, '81441', 14, 0, 'Gillespie', 0, 0, 0, 0, 0, 0),
(497, 'Murphy', 'Jacob', '3.2', 49, '114243', 14, 14, 'Murphy', 364, 1, 0, 5, 2, 0),
(506, 'Wilson', 'Callum', '4.8', 65, '75115', 14, 55, 'Wilson', 697, 6, 2, 11, 1, 0),
(507, 'Fraser', 'Ryan', '1.8', 57, '90105', 14, 13, 'Fraser', 185, 0, 2, 5, 0, 0),
(513, 'Lewis', 'Jamal', '1.5', 43, '194799', 14, 14, 'Lewis', 741, 0, 0, 14, 3, 0),
(262, 'Brewster', 'Rhian', '1.7', 45, '195473', 15, 7, 'Brewster', 256, 0, 0, 5, 0, 0),
(343, 'Sharp', 'Billy', '0.0', 57, '18867', 15, 11, 'Sharp', 129, 1, 0, 3, 0, 0),
(344, 'McGoldrick', 'David', '3.0', 53, '27436', 15, 24, 'McGoldrick', 478, 2, 0, 7, 0, 0),
(345, 'Basham', 'Chris', '1.3', 48, '40386', 15, 15, 'Basham', 727, 0, 0, 15, 0, 0),
(346, 'Fleck', 'John', '0.7', 56, '47247', 15, 7, 'Fleck', 269, 0, 0, 5, 0, 0),
(347, 'Stevens', 'Enda', '0.7', 53, '63426', 15, 10, 'Stevens', 720, 0, 0, 14, 1, 0),
(348, 'Moore', 'Simon', '0.0', 44, '74854', 15, 0, 'Moore', 0, 0, 0, 0, 0, 0),
(349, 'Norwood', 'Oliver', '1.7', 47, '79934', 15, 10, 'Norwood', 341, 0, 0, 7, 0, 0),
(350, 'Foderingham', 'Wes', '0.0', 44, '82143', 15, 0, 'Foderingham', 0, 0, 0, 0, 0, 0),
(351, 'Baldock', 'George', '1.3', 52, '82691', 15, 15, 'Baldock', 810, 0, 1, 15, 1, 0),
(352, 'Robinson', 'Jack', '0.3', 44, '83427', 15, 9, 'Jack Robinson', 279, 0, 1, 4, 0, 0),
(353, 'Egan', 'John', '1.0', 48, '108416', 15, 5, 'Egan', 641, 0, 0, 14, 2, 1),
(354, 'O\'Connell', 'Jack', '0.0', 48, '146610', 15, 3, 'O\'Connell', 180, 0, 0, 3, 0, 0),
(355, 'Lundstram', 'John', '1.3', 51, '153723', 15, 12, 'Lundstram', 637, 0, 0, 12, 3, 0),
(356, 'Osborn', 'Ben', '0.7', 48, '167878', 15, 9, 'Osborn', 351, 0, 0, 7, 0, 0),
(357, 'McBurnie', 'Oliver', '1.7', 57, '169432', 15, 16, 'McBurnie', 549, 0, 1, 12, 1, 0),
(359, 'Mousset', 'Lys', '0.0', 58, '178304', 15, 0, 'Mousset', 0, 0, 0, 0, 0, 0),
(360, 'Berge', 'Sander', '2.7', 50, '207189', 15, 23, 'Berge', 734, 1, 1, 13, 3, 0),
(424, 'Burke', 'Oliver', '0.0', 44, '197937', 15, 7, 'Burke', 254, 0, 0, 2, 0, 0),
(477, 'Freeman', 'Luke', '0.0', 50, '49083', 15, 0, 'Freeman', 0, 0, 0, 0, 0, 0),
(483, 'Ramsdale', 'Aaron', '2.7', 48, '225321', 15, 22, 'Ramsdale', 810, 0, 0, 15, 0, 0),
(509, 'Ampadu', 'Ethan', '1.3', 44, '199598', 15, 8, 'Ampadu', 364, 0, 0, 6, 0, 0),
(510, 'Bogle', 'Jayden', '0.0', 43, '226182', 15, 0, 'Bogle', 0, 0, 0, 0, 0, 0),
(511, 'Lowe', 'Max', '1.3', 44, '155197', 15, 5, 'Lowe', 278, 0, 0, 6, 0, 0),
(529, 'Jagielka', 'Phil', '0.0', 40, '7645', 15, 0, 'Jagielka', 0, 0, 0, 0, 0, 0),
(580, 'Verrips', 'Michael', '0.0', 40, '194126', 15, 0, 'Verrips', 0, 0, 0, 0, 0, 0),
(148, 'Walcott', 'Theo', '4.5', 58, '20467', 16, 24, 'Walcott', 369, 1, 3, 8, 0, 0),
(361, 'Long', 'Shane', '0.8', 52, '20452', 16, 7, 'Long', 43, 0, 0, 3, 0, 0),
(362, 'Bertrand', 'Ryan', '2.5', 50, '40146', 16, 26, 'Bertrand', 708, 0, 0, 11, 1, 0),
(363, 'McCarthy', 'Alex', '5.5', 45, '58376', 16, 40, 'McCarthy', 810, 0, 0, 13, 0, 0),
(364, 'Romeu Vidal', 'Oriol', '2.2', 45, '78056', 16, 26, 'Oriol Romeu', 770, 1, 0, 10, 3, 0),
(365, 'Redmond', 'Nathan', '1.0', 64, '83283', 16, 9, 'Redmond', 307, 0, 0, 4, 0, 0),
(366, 'Ings', 'Danny', '4.0', 83, '84939', 16, 47, 'Ings', 624, 5, 2, 10, 0, 0),
(367, 'Stephens', 'Jack', '1.8', 48, '88900', 16, 8, 'Stephens', 315, 0, 0, 9, 1, 0),
(368, 'Armstrong', 'Stuart', '5.0', 55, '91047', 16, 31, 'Armstrong', 601, 1, 2, 7, 0, 0),
(369, 'Vestergaard', 'Jannik', '5.2', 47, '93100', 16, 42, 'Vestergaard', 675, 2, 0, 7, 0, 0),
(370, 'Ward-Prowse', 'James', '8.2', 60, '101178', 16, 45, 'Ward-Prowse', 810, 3, 1, 13, 1, 0),
(371, 'Gunn', 'Angus', '0.0', 44, '107265', 16, 0, 'Gunn', 0, 0, 0, 0, 0, 0),
(372, 'Boufal', 'Sofiane', '0.0', 54, '128198', 16, 0, 'Boufal', 0, 0, 0, 0, 0, 0),
(374, 'Sims', 'Josh', '0.0', 44, '153379', 16, 0, 'Sims', 0, 0, 0, 0, 0, 0),
(375, 'Walker-Peters', 'Kyle', '4.5', 46, '158534', 16, 34, 'Walker-Peters', 810, 0, 1, 13, 3, 0),
(376, 'Bednarek', 'Jan', '3.8', 45, '171771', 16, 31, 'Bednarek', 720, 0, 0, 10, 0, 0),
(377, 'Adams', 'Che', '6.8', 59, '200439', 16, 48, 'Adams', 765, 3, 4, 12, 1, 0),
(378, 'Valery', 'Yan', '0.0', 48, '213482', 16, 0, 'Valery', 0, 0, 0, 0, 0, 0),
(379, 'Smallbone', 'William', '0.0', 45, '214466', 16, 3, 'Smallbone', 111, 0, 0, 4, 0, 0),
(380, 'Vokins', 'Jake', '0.0', 40, '214470', 16, 0, 'Vokins', 0, 0, 0, 0, 0, 0),
(381, 'Obafemi', 'Michael', '0.0', 47, '220598', 16, 1, 'Obafemi', 13, 0, 0, 0, 0, 0),
(382, 'Djenepo', 'Moussa', '1.2', 54, '431131', 16, 19, 'Djenepo', 384, 1, 1, 6, 1, 0),
(479, 'Salisu', 'Mohammed', '0.0', 43, '450527', 16, 0, 'Salisu', 0, 0, 0, 0, 0, 0),
(523, 'Forster', 'Fraser', '0.0', 40, '40383', 16, 0, 'Forster', 0, 0, 0, 0, 0, 0),
(524, 'Tella', 'Nathan', '0.0', 44, '203389', 16, 3, 'Tella', 48, 0, 0, 2, 0, 0),
(565, 'Diallo', 'Ibrahima', '0.5', 45, '240143', 16, 3, 'Diallo', 19, 0, 0, 2, 1, 0),
(590, 'N\'Lundulu', 'Daniel', '0.2', 45, '200088', 16, 1, 'N\'Lundulu', 1, 0, 0, 0, 0, 0),
(598, 'Ramsay', 'Kayne', '0.0', 40, '232797', 16, 0, 'Ramsay', 0, 0, 0, 0, 0, 0),
(383, 'Lloris', 'Hugo', '6.8', 55, '37915', 17, 37, 'Lloris', 810, 0, 0, 9, 0, 0),
(384, 'Rose', 'Danny', '0.0', 47, '38290', 17, 0, 'Rose', 0, 0, 0, 0, 0, 0),
(385, 'Sissoko', 'Moussa', '2.5', 48, '45268', 17, 15, 'Sissoko', 572, 0, 0, 6, 1, 0),
(386, 'Alderweireld', 'Toby', '5.8', 54, '55605', 17, 26, 'Alderweireld', 530, 0, 0, 5, 0, 0),
(387, 'Lamela', 'Erik', '0.8', 58, '62974', 17, 8, 'Lamela', 187, 0, 1, 4, 1, 0),
(388, 'Kane', 'Harry', '6.0', 110, '78830', 17, 84, 'Kane', 803, 7, 9, 8, 1, 0),
(389, 'Aurier', 'Serge', '1.5', 52, '80226', 17, 19, 'Aurier', 270, 1, 1, 4, 0, 0),
(390, 'Son', 'Heung-Min', '6.5', 95, '85971', 17, 84, 'Son', 730, 9, 2, 5, 0, 0),
(391, 'Dier', 'Eric', '5.2', 49, '93264', 17, 28, 'Dier', 720, 0, 0, 6, 0, 0),
(392, 'Rodrigues Moura da Silva', 'Lucas', '0.8', 68, '95715', 17, 18, 'Lucas Moura', 368, 1, 0, 5, 0, 0),
(393, 'Gazzaniga', 'Paulo', '0.0', 44, '102884', 17, 0, 'Gazzaniga', 0, 0, 0, 0, 0, 0),
(394, 'Alli', 'Bamidele', '0.0', 74, '108823', 17, 2, 'Alli', 66, 0, 0, 0, 0, 0),
(395, 'Davies', 'Ben', '1.8', 47, '115556', 17, 16, 'Davies', 382, 0, 1, 4, 0, 0),
(396, 'Hojbjerg', 'Pierre-Emile', '2.8', 49, '132015', 17, 23, 'Hojbjerg', 810, 0, 1, 9, 1, 0),
(397, 'Winks', 'Harry', '0.0', 53, '157668', 17, 5, 'Winks', 256, 0, 0, 7, 1, 0),
(398, 'Sanchez', 'Davinson', '0.0', 53, '173904', 17, 4, 'Sanchez', 360, 0, 0, 7, 0, 0),
(399, 'Sessegnon', 'Ryan', '0.0', 47, '184349', 17, 0, 'Sessegnon', 0, 0, 0, 0, 0, 0),
(400, 'Bergwijn', 'Steven', '0.8', 70, '194252', 17, 9, 'Bergwijn', 224, 0, 0, 2, 0, 0),
(401, 'Carvalho Fernandes', 'Gedson', '0.0', 48, '195774', 17, 0, 'Fernandes', 0, 0, 0, 0, 0, 0),
(402, 'Tanganga', 'Japhet', '0.0', 49, '199584', 17, 0, 'Tanganga', 0, 0, 0, 0, 0, 0),
(403, 'Lo Celso', 'Giovani', '2.2', 69, '200826', 17, 12, 'Lo Celso', 209, 1, 0, 1, 1, 0),
(404, 'Skipp', 'Oliver', '0.0', 44, '209042', 17, 0, 'Skipp', 0, 0, 0, 0, 0, 0),
(405, 'Ndombele', 'Tanguy', '3.2', 59, '231372', 17, 25, 'Ndombele', 480, 1, 1, 4, 2, 0),
(406, 'Foyth', 'Juan', '0.0', 43, '234908', 17, 0, 'Foyth', 0, 0, 0, 0, 0, 0),
(457, 'Doherty', 'Matt', '5.0', 58, '87835', 17, 24, 'Doherty', 525, 0, 1, 5, 1, 0),
(482, 'Hart', 'Joe', '0.0', 44, '15749', 17, 0, 'Hart', 0, 0, 0, 0, 0, 0),
(521, 'Carter-Vickers', 'Cameron', '0.0', 39, '168763', 17, 0, 'Carter-Vickers', 0, 0, 0, 0, 0, 0),
(542, 'Reguilon', 'Sergio', '4.0', 56, '199249', 17, 22, 'Reguilon', 450, 0, 2, 5, 1, 0),
(543, 'Bale', 'Gareth', '3.0', 95, '36903', 17, 13, 'Bale', 115, 1, 0, 3, 0, 0),
(564, 'Alves Morais', 'Carlos Vinicius', '0.2', 70, '245824', 17, 1, 'Carlos Vinicius', 12, 0, 0, 0, 0, 0),
(584, 'Rodon', 'Joe', '0.5', 50, '214225', 17, 2, 'Rodon', 10, 0, 0, 0, 0, 0),
(56, 'Button', 'David', '0.0', 40, '50093', 18, 0, 'Button', 0, 0, 0, 0, 0, 0),
(358, 'Robinson', 'Callum', '2.0', 55, '171975', 18, 26, 'Callum Robinson', 445, 2, 1, 8, 0, 0),
(407, 'Gibbs', 'Kieran', '0.0', 43, '42427', 18, -3, 'Gibbs', 135, 0, 0, 8, 0, 1),
(408, 'Robson-Kanu', 'Hal', '0.2', 52, '49440', 18, 4, 'Robson-Kanu', 112, 0, 0, 5, 0, 0),
(409, 'Livermore', 'Jake', '0.8', 48, '49944', 18, 12, 'Livermore', 656, 0, 0, 17, 2, 0),
(410, 'Grosicki', 'Kamil', '0.0', 53, '49957', 18, 0, 'Grosicki', 0, 0, 0, 0, 0, 0),
(411, 'Phillips', 'Matt', '0.8', 51, '50229', 18, 5, 'Phillips', 69, 0, 0, 2, 1, 0),
(412, 'Bartley', 'Kyle', '0.8', 44, '59940', 18, 12, 'Bartley', 540, 1, 0, 15, 1, 0),
(413, 'Sawyers', 'Romaine', '0.5', 48, '61600', 18, 11, 'Sawyers', 430, 0, 0, 11, 1, 0),
(414, 'Hegazy', 'Ahmed El-Sayed', '0.0', 42, '77777', 18, 6, 'Hegazi', 90, 0, 0, 0, 0, 0),
(415, 'Austin', 'Charlie', '0.0', 51, '78356', 18, 0, 'Austin', 0, 0, 0, 0, 0, 0),
(416, 'Zohore', 'Kenneth', '0.0', 48, '82078', 18, 0, 'Zohore', 0, 0, 0, 0, 0, 0),
(417, 'Johnstone', 'Sam', '3.2', 45, '101982', 18, 30, 'Johnstone', 810, 0, 0, 18, 0, 0),
(418, 'Townsend', 'Conor', '2.2', 45, '108053', 18, 18, 'Townsend', 630, 0, 0, 10, 0, 0),
(419, 'Ajayi', 'Oluwasemilogo Adesewo Ibidapo', '1.8', 48, '146426', 18, 9, 'Ajayi', 720, 0, 0, 18, 1, 0),
(420, 'Leko', 'Jonathan', '0.0', 45, '173809', 18, 0, 'Leko', 0, 0, 0, 0, 0, 0),
(421, 'Edwards', 'Kyle', '0.5', 48, '174593', 18, 5, 'Edwards', 114, 0, 0, 3, 0, 0),
(422, 'Furlong', 'Darnell', '1.8', 45, '176420', 18, 19, 'Furlong', 698, 0, 1, 14, 1, 0),
(423, 'Field', 'Sam', '0.0', 48, '195864', 18, 3, 'Field', 61, 0, 0, 2, 0, 0),
(425, 'O\'Shea', 'Dara', '0.5', 43, '216616', 18, 5, 'O\'Shea', 450, 0, 0, 14, 0, 0),
(426, 'Harper', 'Rekeem', '0.0', 44, '232427', 18, 1, 'Harper', 21, 0, 0, 2, 0, 0),
(446, 'Diangana', 'Grady', '1.8', 54, '179830', 18, 23, 'Diangana', 649, 1, 0, 17, 0, 0),
(481, 'Pereira', 'Matheus', '1.2', 58, '210407', 18, 27, 'Pereira', 662, 1, 2, 16, 0, 0),
(499, 'Kipre', 'Cedric', '0.0', 44, '183015', 18, 0, 'Kipre', 0, 0, 0, 0, 0, 0),
(530, 'Ivanovic', 'Branislav', '1.2', 45, '41135', 18, 11, 'Ivanovic', 348, 0, 0, 4, 0, 0),
(544, 'Gallagher', 'Conor', '1.5', 55, '232787', 18, 9, 'Gallagher', 450, 0, 0, 5, 2, 0),
(555, 'Krovinovic', 'Filip', '1.8', 50, '200878', 18, 11, 'Krovinovic', 364, 0, 0, 5, 0, 0),
(582, 'Grant', 'Karlan', '3.8', 59, '180294', 18, 17, 'Grant', 389, 1, 0, 4, 0, 0),
(600, 'Peltier', 'Lee', '0.0', 40, '38716', 18, 0, 'Peltier', 0, 0, 0, 0, 0, 0),
(427, 'Noble', 'Mark', '0.3', 47, '18073', 19, 5, 'Noble', 71, 0, 0, 1, 0, 0),
(428, 'Snodgrass', 'Robert', '0.0', 57, '18987', 19, 1, 'Snodgrass', 1, 0, 0, 0, 0, 0),
(429, 'Martin', 'David', '0.0', 40, '19194', 19, 0, 'Martin', 0, 0, 0, 0, 0, 0),
(430, 'Randolph', 'Darren', '0.0', 44, '32259', 19, 0, 'Randolph', 0, 0, 0, 0, 0, 0),
(431, 'Fabianski', 'Lukasz', '8.7', 50, '37096', 19, 50, 'Fabianski', 810, 0, 0, 10, 0, 0),
(432, 'Ogbonna', 'Angelo', '4.0', 49, '40669', 19, 28, 'Ogbonna', 782, 0, 0, 10, 2, 0),
(433, 'Jimenez Gago', 'Roberto', '0.0', 45, '40694', 19, 0, 'Roberto', 0, 0, 0, 0, 0, 0),
(434, 'Wilshere', 'Jack', '0.0', 49, '54102', 19, 0, 'Wilshere', 0, 0, 0, 0, 0, 0),
(435, 'Cresswell', 'Aaron', '4.7', 51, '55459', 19, 45, 'Cresswell', 810, 0, 3, 10, 0, 0),
(436, 'Yarmolenko', 'Andriy', '0.3', 56, '56377', 19, 4, 'Yarmolenko', 97, 0, 0, 3, 1, 0),
(437, 'Antonio', 'Michail', '0.0', 62, '57531', 19, 27, 'Antonio', 481, 3, 0, 8, 1, 0),
(438, 'Fredericks', 'Ryan', '0.0', 43, '81012', 19, 4, 'Fredericks', 228, 0, 1, 4, 2, 0),
(439, 'Lanzini', 'Manuel', '1.0', 64, '86934', 19, 8, 'Lanzini', 47, 1, 0, 0, 1, 0),
(440, 'Pereira Gomes', 'Felipe Anderson', '0.0', 61, '101537', 19, 2, 'Felipe Anderson', 2, 0, 0, 0, 0, 0),
(441, 'Haller', 'Sebastien', '4.3', 61, '103123', 19, 22, 'Haller', 303, 2, 0, 2, 0, 0),
(442, 'Masuaku', 'Arthur', '4.7', 45, '105717', 19, 35, 'Masuaku', 715, 0, 1, 8, 1, 0),
(443, 'Balbuena', 'Fabian', '4.3', 44, '166640', 19, 33, 'Balbuena', 630, 1, 0, 6, 1, 0),
(444, 'Hugill', 'Jordan', '0.0', 55, '167522', 19, 0, 'Hugill', 0, 0, 0, 0, 0, 0),
(445, 'Bowen', 'Jarrod', '2.7', 63, '178186', 19, 39, 'Bowen', 751, 3, 0, 9, 0, 0),
(447, 'Ajeti', 'Albian', '0.0', 55, '181008', 19, 0, 'Ajeti', 0, 0, 0, 0, 0, 0),
(448, 'Rice', 'Declan', '2.3', 48, '204480', 19, 21, 'Rice', 810, 0, 0, 10, 1, 0),
(449, 'Soucek', 'Tomas', '4.7', 49, '215439', 19, 30, 'Soucek', 810, 1, 1, 10, 1, 0),
(450, 'Fornals', 'Pablo', '6.3', 65, '217593', 19, 48, 'Fornals', 735, 2, 4, 9, 1, 0),
(451, 'Diop', 'Issa', '0.0', 44, '219924', 19, 2, 'Diop', 207, 0, 0, 4, 1, 0),
(452, 'Johnson', 'Ben', '0.0', 39, '222018', 19, 1, 'Johnson', 41, 0, 0, 0, 0, 0),
(558, 'Coufal', 'Vladimir', '5.0', 46, '164555', 19, 31, 'Coufal', 540, 0, 2, 6, 2, 0),
(576, 'Dawson', 'Craig', '0.0', 45, '60232', 19, 0, 'Dawson', 0, 0, 0, 0, 0, 0),
(587, 'Benrahma', 'Said', '1.7', 60, '172841', 19, 5, 'Benrahma', 19, 0, 1, 0, 0, 0),
(453, 'Ruddy', 'John', '0.0', 44, '19236', 20, 0, 'Ruddy', 0, 0, 0, 0, 0, 0),
(454, 'Santos Moutinho', 'Joao Filipe Iria', '1.0', 52, '19624', 20, 14, 'Moutinho', 446, 0, 0, 7, 1, 0),
(455, 'dos Santos Patricio', 'Rui Pedro', '5.0', 55, '38533', 20, 42, 'Patricio', 810, 0, 0, 10, 0, 0),
(456, 'Bennett', 'Ryan', '0.0', 44, '41727', 20, 0, 'Bennett', 0, 0, 0, 0, 0, 0),
(458, 'Boly', 'Willy', '3.0', 55, '90585', 20, 33, 'Boly', 810, 0, 0, 10, 0, 0),
(459, 'Coady', 'Conor', '2.5', 50, '94147', 20, 30, 'Coady', 720, 0, 0, 9, 1, 0),
(460, 'Jimenez', 'Raul', '4.5', 84, '102057', 20, 42, 'Jimenez', 810, 4, 1, 10, 0, 0),
(461, 'Saiss', 'Romain', '1.8', 52, '107613', 20, 38, 'Saiss', 517, 1, 0, 7, 0, 0),
(462, 'Castro Otto', 'Jonathan', '0.0', 54, '114128', 20, 0, 'Jonny', 0, 0, 0, 0, 0, 0),
(463, 'Bonatini', 'Leo', '0.0', 48, '141569', 20, 0, 'Bonatini', 0, 0, 0, 0, 0, 0),
(464, 'Dendoncker', 'Leander', '2.0', 48, '151589', 20, 21, 'Dendoncker', 642, 0, 1, 4, 1, 0),
(465, 'Traore', 'Adama', '1.0', 62, '159533', 20, 13, 'Traore', 430, 0, 0, 7, 1, 0),
(466, 'da Silva Neves', 'Ruben Diogo', '2.0', 53, '171317', 20, 16, 'Neves', 623, 0, 0, 9, 3, 0),
(467, 'Buur', 'Oskar', '0.0', 39, '179456', 20, 1, 'Buur', 22, 0, 0, 0, 0, 0),
(469, 'Castelo Podence', 'Daniel', '3.5', 54, '200600', 20, 31, 'Podence', 584, 1, 2, 5, 0, 0),
(470, 'Kilman', 'Max', '2.8', 43, '214048', 20, 32, 'Kilman', 540, 0, 1, 3, 1, 0),
(471, 'Silva Nascimento Vinagre', 'Ruben Goncalo', '0.0', 42, '216054', 20, 1, 'Vinagre', 172, 0, 0, 7, 0, 0);
INSERT INTO `players` (`id`, `second_name`, `first_name`, `form`, `now_cost`, `photo`, `teamid`, `total_points`, `web_name`, `minutes`, `goals_scored`, `assists`, `goals_conceded`, `yellow_cards`, `red_cards`) VALUES
(472, 'Sarkic', 'Matija', '0.0', 44, '216208', 20, 0, 'Sarkic', 0, 0, 0, 0, 0, 0),
(473, 'Gibbs-White', 'Morgan', '0.0', 49, '222531', 20, 0, 'Gibbs-White', 0, 0, 0, 0, 0, 0),
(474, 'Lomba Neto', 'Pedro', '4.2', 55, '247632', 20, 38, 'Neto', 666, 2, 2, 8, 0, 0),
(475, 'Cavaco Jordao', 'Bruno Andre', '0.0', 44, '428610', 20, 0, 'Jordao', 0, 0, 0, 0, 0, 0),
(476, 'Campana', 'Leonardo', '0.0', 48, '474003', 20, 0, 'Campana', 0, 0, 0, 0, 0, 0),
(504, 'Silva', 'Fabio', '0.5', 52, '449988', 20, 4, 'Fabio Silva', 52, 0, 0, 3, 0, 0),
(505, 'Marcal', 'Fernando', '0.5', 48, '111291', 20, 9, 'Marcal', 134, 0, 0, 1, 1, 0),
(515, 'Ferreira', 'Vitor', '0.2', 48, '437858', 20, 3, 'Vitinha', 26, 0, 0, 1, 0, 0),
(545, 'Hoever', 'Ki-Jana', '0.0', 45, '441271', 20, 2, 'Hoever', 29, 0, 0, 1, 0, 0),
(546, 'Cabral Semedo', 'Nelson', '3.5', 56, '200402', 20, 27, 'Semedo', 599, 0, 0, 6, 0, 0),
(553, 'Shabani', 'Meritan', '0.0', 45, '225368', 20, 0, 'Shabani', 0, 0, 0, 0, 0, 0),
(563, 'Ait Nouri', 'Rayan', '4.8', 50, '448514', 20, 19, 'Ait Nouri', 255, 1, 0, 2, 0, 0),
(581, 'Otasowie', 'Owen', '0.0', 45, '250604', 20, 0, 'Otasowie', 0, 0, 0, 0, 0, 0);

-- --------------------------------------------------------

--
-- Table structure for table `playerstats`
--

CREATE TABLE `playerstats` (
  `playerid` int(10) DEFAULT NULL,
  `gameweek` int(10) DEFAULT NULL,
  `opponentid` int(10) DEFAULT NULL,
  `total_points` int(10) DEFAULT NULL,
  `team_h_score` int(10) DEFAULT NULL,
  `team_a_score` int(10) DEFAULT NULL,
  `minutes` int(10) DEFAULT NULL,
  `goals_scored` int(10) DEFAULT NULL,
  `assists` int(10) DEFAULT NULL,
  `yellow_cards` int(10) DEFAULT NULL,
  `red_cards` int(10) DEFAULT NULL,
  `bonus` int(10) DEFAULT NULL,
  `cost` int(10) DEFAULT NULL
) ENGINE=InnoDB DEFAULT CHARSET=latin1;

--
-- Dumping data for table `playerstats`
--

INSERT INTO `playerstats` (`playerid`, `gameweek`, `opponentid`, `total_points`, `team_h_score`, `team_a_score`, `minutes`, `goals_scored`, `assists`, `yellow_cards`, `red_cards`, `bonus`, `cost`) VALUES
(252, 1, 10, 1, 4, 3, 90, 0, 0, 0, 0, 0, 60),
(252, 2, 5, 14, 0, 2, 90, 0, 0, 0, 0, 2, 60),
(252, 3, 1, 2, 3, 1, 90, 0, 0, 0, 0, 0, 60),
(252, 4, 2, 0, 7, 2, 0, 0, 0, 0, 0, 0, 60),
(252, 5, 7, 0, 2, 2, 0, 0, 0, 0, 0, 0, 60),
(252, 6, 15, 2, 2, 1, 90, 0, 0, 0, 0, 0, 59),
(252, 7, 19, 2, 2, 1, 90, 0, 0, 0, 0, 0, 59),
(252, 8, 12, 2, 1, 1, 90, 0, 0, 0, 0, 0, 59),
(252, 9, 9, 8, 3, 0, 90, 0, 0, 0, 0, 1, 59),
(253, 1, 10, 4, 4, 3, 32, 0, 1, 0, 0, 0, 55),
(253, 2, 5, 3, 0, 2, 90, 0, 0, 0, 0, 0, 55),
(253, 3, 1, 2, 3, 1, 90, 0, 0, 0, 0, 0, 55),
(253, 4, 2, 2, 7, 2, 90, 0, 0, 0, 0, 0, 55),
(253, 5, 7, 1, 2, 2, 90, 0, 0, 1, 0, 0, 55),
(253, 6, 15, 2, 2, 1, 90, 0, 0, 0, 0, 0, 55),
(253, 7, 19, 0, 2, 1, 0, 0, 0, 0, 0, 0, 55),
(253, 8, 12, 0, 1, 1, 0, 0, 0, 0, 0, 0, 54),
(253, 9, 9, 3, 3, 0, 90, 0, 0, 0, 0, 0, 54),
(258, 1, 10, 0, 4, 3, 0, 0, 0, 0, 0, 0, 65),
(258, 2, 5, 1, 0, 2, 4, 0, 0, 0, 0, 0, 64),
(258, 3, 1, 1, 3, 1, 1, 0, 0, 0, 0, 0, 63),
(258, 4, 2, 1, 7, 2, 45, 0, 0, 0, 0, 0, 62),
(258, 5, 7, 0, 2, 2, 0, 0, 0, 0, 0, 0, 62),
(258, 6, 15, 1, 2, 1, 7, 0, 0, 0, 0, 0, 61),
(258, 7, 19, 0, 2, 1, 0, 0, 0, 0, 0, 0, 61),
(258, 8, 12, 0, 1, 1, 0, 0, 0, 0, 0, 0, 61),
(258, 9, 9, 1, 3, 0, 1, 0, 0, 0, 0, 0, 60),
(260, 1, 10, 1, 4, 3, 90, 0, 0, 0, 0, 0, 55),
(260, 2, 5, 0, 0, 2, 0, 0, 0, 0, 0, 0, 55),
(260, 3, 1, 2, 3, 1, 90, 0, 0, 0, 0, 0, 54),
(260, 4, 2, 0, 7, 2, 60, 0, 0, 0, 0, 0, 54),
(260, 5, 7, 1, 2, 2, 79, 0, 0, 0, 0, 0, 54),
(260, 6, 15, 2, 2, 1, 90, 0, 0, 0, 0, 0, 54),
(260, 7, 19, 2, 2, 1, 90, 0, 0, 0, 0, 0, 54),
(260, 8, 12, 2, 1, 1, 90, 0, 0, 0, 0, 0, 54),
(260, 9, 9, 0, 3, 0, 0, 0, 0, 0, 0, 0, 54),
(255, 1, 10, 4, 4, 3, 90, 0, 1, 0, 0, 0, 70),
(255, 2, 5, 6, 0, 2, 90, 0, 0, 0, 0, 0, 70),
(255, 3, 1, 10, 3, 1, 90, 1, 0, 0, 0, 2, 70),
(255, 4, 2, -1, 7, 2, 90, 0, 0, 0, 0, 0, 70),
(255, 5, 7, 6, 2, 2, 90, 0, 1, 0, 0, 2, 70),
(255, 6, 15, 2, 2, 1, 90, 0, 0, 0, 0, 0, 71),
(255, 7, 19, 2, 2, 1, 90, 0, 0, 0, 0, 0, 71),
(255, 8, 12, 2, 1, 1, 90, 0, 0, 0, 0, 0, 71),
(255, 9, 9, 12, 3, 0, 90, 0, 1, 0, 0, 3, 71),
(263, 1, 10, 1, 4, 3, 24, 0, 0, 0, 0, 0, 45),
(263, 2, 5, 0, 0, 2, 0, 0, 0, 0, 0, 0, 45),
(263, 3, 1, 0, 3, 1, 0, 0, 0, 0, 0, 0, 45),
(263, 4, 2, 1, 7, 2, 29, 0, 0, 0, 0, 0, 45),
(263, 5, 7, 0, 2, 2, 0, 0, 0, 0, 0, 0, 45),
(263, 6, 15, 0, 2, 1, 0, 0, 0, 0, 0, 0, 44),
(263, 7, 19, 2, 2, 1, 69, 0, 0, 0, 0, 0, 44),
(263, 8, 12, 0, 1, 1, 0, 0, 0, 0, 0, 0, 44),
(263, 9, 9, 3, 3, 0, 90, 0, 0, 0, 0, 0, 44),
(265, 1, 10, 0, 4, 3, 0, 0, 0, 0, 0, 0, 45),
(265, 2, 5, 0, 0, 2, 0, 0, 0, 0, 0, 0, 45),
(265, 3, 1, 0, 3, 1, 0, 0, 0, 0, 0, 0, 45),
(265, 4, 2, 0, 7, 2, 0, 0, 0, 0, 0, 0, 44),
(265, 5, 7, 0, 2, 2, 0, 0, 0, 0, 0, 0, 44),
(265, 6, 15, 0, 2, 1, 0, 0, 0, 0, 0, 0, 44),
(265, 7, 19, 0, 2, 1, 0, 0, 0, 0, 0, 0, 44),
(265, 8, 12, 0, 1, 1, 0, 0, 0, 0, 0, 0, 44),
(265, 9, 9, 0, 3, 0, 0, 0, 0, 0, 0, 0, 44),
(261, 1, 10, 1, 4, 3, 57, 0, 0, 0, 0, 0, 55),
(261, 2, 5, 3, 0, 2, 63, 0, 0, 0, 0, 0, 55),
(261, 3, 1, 2, 3, 1, 78, 0, 0, 0, 0, 0, 54),
(261, 4, 2, 1, 7, 2, 45, 0, 0, 0, 0, 0, 54),
(261, 5, 7, 0, 2, 2, 0, 0, 0, 0, 0, 0, 54),
(261, 6, 15, 0, 2, 1, 0, 0, 0, 0, 0, 0, 53),
(261, 7, 19, 0, 2, 1, 0, 0, 0, 0, 0, 0, 53),
(261, 8, 12, 0, 1, 1, 0, 0, 0, 0, 0, 0, 52),
(261, 9, 9, 1, 3, 0, 52, 0, 0, 0, 0, 0, 52),
(270, 2, 20, 2, 1, 3, 90, 0, 0, 0, 0, 0, 60),
(270, 3, 9, 0, 2, 5, 90, 0, 0, 0, 0, 0, 60),
(270, 4, 10, 2, 1, 1, 90, 0, 0, 0, 0, 0, 60),
(270, 5, 1, 7, 1, 0, 90, 0, 0, 0, 0, 1, 60),
(270, 6, 19, 2, 1, 1, 77, 0, 0, 0, 0, 0, 60),
(270, 7, 15, 15, 0, 1, 90, 1, 0, 0, 0, 3, 60),
(270, 8, 11, 1, 1, 1, 90, 0, 0, 1, 0, 0, 61),
(270, 9, 17, 1, 2, 0, 90, 0, 0, 0, 0, 0, 61),
(268, 2, 20, 0, 1, 3, 0, 0, 0, 0, 0, 0, 105),
(268, 3, 9, 0, 2, 5, 0, 0, 0, 0, 0, 0, 104),
(268, 4, 10, 0, 1, 1, 0, 0, 0, 0, 0, 0, 104),
(268, 5, 1, 2, 1, 0, 64, 0, 0, 0, 0, 0, 104),
(268, 6, 19, 1, 1, 1, 45, 0, 0, 0, 0, 0, 104),
(268, 7, 15, 0, 0, 1, 0, 0, 0, 0, 0, 0, 103),
(268, 8, 11, 0, 1, 1, 0, 0, 0, 0, 0, 0, 103),
(268, 9, 17, 0, 2, 0, 0, 0, 0, 0, 0, 0, 103),
(267, 2, 20, 0, 1, 3, 0, 0, 0, 0, 0, 0, 45),
(267, 3, 9, 0, 2, 5, 0, 0, 0, 0, 0, 0, 45),
(267, 4, 10, 0, 1, 1, 0, 0, 0, 0, 0, 0, 45),
(267, 5, 1, 0, 1, 0, 0, 0, 0, 0, 0, 0, 45),
(267, 6, 19, 0, 1, 1, 0, 0, 0, 0, 0, 0, 45),
(267, 7, 15, 0, 0, 1, 0, 0, 0, 0, 0, 0, 45),
(267, 8, 11, 0, 1, 1, 0, 0, 0, 0, 0, 0, 45),
(267, 9, 17, 0, 2, 0, 0, 0, 0, 0, 0, 0, 45),
(271, 2, 20, 0, 1, 3, 0, 0, 0, 0, 0, 0, 55),
(271, 3, 9, 0, 2, 5, 0, 0, 0, 0, 0, 0, 55),
(271, 4, 10, 0, 1, 1, 0, 0, 0, 0, 0, 0, 54),
(271, 5, 1, 1, 1, 0, 25, 0, 0, 0, 0, 0, 54),
(271, 6, 19, 2, 1, 1, 90, 0, 0, 0, 0, 0, 54),
(271, 7, 15, 1, 0, 1, 5, 0, 0, 0, 0, 0, 54),
(271, 8, 11, 2, 1, 1, 90, 0, 0, 0, 0, 0, 54),
(271, 9, 17, 0, 2, 0, 0, 0, 0, 0, 0, 0, 54),
(266, 2, 20, 2, 1, 3, 90, 0, 0, 0, 0, 0, 55),
(266, 3, 9, 1, 2, 5, 50, 0, 0, 0, 0, 0, 55),
(266, 4, 10, 1, 1, 1, 13, 0, 0, 0, 0, 0, 55),
(266, 5, 1, 1, 1, 0, 1, 0, 0, 0, 0, 0, 55),
(266, 6, 19, 0, 1, 1, 0, 0, 0, 0, 0, 0, 55),
(266, 7, 15, 0, 0, 1, 0, 0, 0, 0, 0, 0, 54),
(266, 8, 11, 0, 1, 1, 0, 0, 0, 0, 0, 0, 54),
(266, 9, 17, 0, 2, 0, 0, 0, 0, 0, 0, 0, 54),
(272, 2, 20, 13, 1, 3, 90, 1, 1, 0, 0, 3, 115),
(272, 3, 9, 2, 2, 5, 90, 0, 0, 0, 0, 0, 116),
(272, 4, 10, 2, 1, 1, 90, 0, 0, 0, 0, 0, 117),
(272, 5, 1, 0, 1, 0, 0, 0, 0, 0, 0, 0, 116),
(272, 6, 19, 1, 1, 1, 22, 0, 0, 0, 0, 0, 115),
(272, 7, 15, 6, 0, 1, 90, 0, 1, 0, 0, 0, 115),
(272, 8, 11, 3, 1, 1, 90, 0, 1, 0, 0, 0, 115),
(272, 9, 17, 2, 2, 0, 90, 0, 0, 0, 0, 0, 116),
(269, 2, 20, 0, 1, 3, 0, 0, 0, 0, 0, 0, 50),
(269, 3, 9, 0, 2, 5, 0, 0, 0, 0, 0, 0, 50),
(269, 4, 10, 0, 1, 1, 0, 0, 0, 0, 0, 0, 49),
(269, 5, 1, 0, 1, 0, 0, 0, 0, 0, 0, 0, 49),
(269, 6, 19, 0, 1, 1, 0, 0, 0, 0, 0, 0, 49),
(269, 7, 15, 0, 0, 1, 0, 0, 0, 0, 0, 0, 49),
(269, 8, 11, 0, 1, 1, 0, 0, 0, 0, 0, 0, 49),
(269, 9, 17, 0, 2, 0, 0, 0, 0, 0, 0, 0, 49),
(264, 1, 10, 0, 4, 3, 0, 0, 0, 0, 0, 0, 40),
(264, 2, 5, 0, 0, 2, 0, 0, 0, 0, 0, 0, 40),
(264, 3, 1, 0, 3, 1, 0, 0, 0, 0, 0, 0, 40),
(264, 4, 2, 0, 7, 2, 0, 0, 0, 0, 0, 0, 40),
(264, 5, 7, 0, 2, 2, 0, 0, 0, 0, 0, 0, 40),
(264, 6, 15, 0, 2, 1, 0, 0, 0, 0, 0, 0, 40),
(264, 7, 19, 0, 2, 1, 0, 0, 0, 0, 0, 0, 40),
(264, 8, 12, 0, 1, 1, 0, 0, 0, 0, 0, 0, 39),
(264, 9, 9, 1, 3, 0, 37, 0, 0, 0, 0, 0, 39),
(246, 1, 10, 1, 4, 3, 1, 0, 0, 0, 0, 0, 55),
(246, 2, 5, 0, 0, 2, 0, 0, 0, 0, 0, 0, 55),
(246, 3, 1, 0, 3, 1, 0, 0, 0, 0, 0, 0, 54),
(246, 4, 2, 0, 7, 2, 0, 0, 0, 0, 0, 0, 54),
(246, 5, 7, 1, 2, 2, 90, 0, 0, 0, 0, 0, 54),
(246, 6, 15, 0, 2, 1, 0, 0, 0, 0, 0, 0, 54),
(246, 7, 19, 0, 2, 1, 0, 0, 0, 0, 0, 0, 54),
(246, 8, 12, 1, 1, 1, 90, 0, 0, 1, 0, 0, 54),
(246, 9, 9, 6, 3, 0, 90, 0, 0, 0, 0, 0, 54),
(247, 1, 10, 0, 4, 3, 0, 0, 0, 0, 0, 0, 65),
(247, 2, 5, 0, 0, 2, 0, 0, 0, 0, 0, 0, 65),
(247, 3, 1, 0, 3, 1, 0, 0, 0, 0, 0, 0, 64),
(247, 4, 2, 0, 7, 2, 0, 0, 0, 0, 0, 0, 64),
(247, 5, 7, 0, 2, 2, 0, 0, 0, 0, 0, 0, 64),
(247, 6, 15, 0, 2, 1, 0, 0, 0, 0, 0, 0, 64),
(247, 7, 19, 4, 2, 1, 20, 0, 1, 0, 0, 0, 64),
(247, 8, 12, 1, 1, 1, 31, 0, 0, 0, 0, 0, 64),
(247, 9, 9, 0, 3, 0, 0, 0, 0, 0, 0, 0, 64),
(245, 1, 10, 0, 4, 3, 0, 0, 0, 0, 0, 0, 45),
(245, 2, 5, 0, 0, 2, 0, 0, 0, 0, 0, 0, 45),
(245, 3, 1, 0, 3, 1, 0, 0, 0, 0, 0, 0, 45),
(245, 4, 2, 0, 7, 2, 90, 0, 0, 0, 0, 0, 45),
(245, 5, 7, 2, 2, 2, 90, 0, 0, 0, 0, 0, 45),
(245, 6, 15, 0, 2, 1, 0, 0, 0, 0, 0, 0, 45),
(245, 7, 19, 0, 2, 1, 0, 0, 0, 0, 0, 0, 45),
(245, 8, 12, 0, 1, 1, 0, 0, 0, 0, 0, 0, 44),
(245, 9, 9, 0, 3, 0, 0, 0, 0, 0, 0, 0, 44),
(249, 1, 10, 1, 4, 3, 90, 0, 0, 1, 0, 0, 95),
(249, 2, 5, 5, 0, 2, 85, 0, 1, 0, 0, 0, 94),
(249, 3, 1, 2, 3, 1, 90, 0, 0, 0, 0, 0, 94),
(249, 4, 2, 5, 7, 2, 67, 0, 1, 0, 0, 0, 94),
(249, 5, 7, 2, 2, 2, 77, 0, 0, 0, 0, 0, 93),
(249, 6, 15, 9, 2, 1, 82, 1, 0, 0, 0, 3, 93),
(249, 7, 19, 2, 2, 1, 69, 0, 0, 0, 0, 0, 93),
(249, 8, 12, 1, 1, 1, 58, 0, 0, 0, 0, 0, 92),
(249, 9, 9, 6, 3, 0, 90, 1, 0, 0, 0, 0, 92),
(251, 1, 10, 2, 4, 3, 90, 0, 0, 0, 0, 0, 120),
(251, 2, 5, 16, 0, 2, 90, 2, 0, 0, 0, 3, 119),
(251, 3, 1, 7, 3, 1, 79, 1, 0, 1, 0, 1, 119),
(251, 4, 2, 0, 7, 2, 0, 0, 0, 0, 0, 0, 119),
(251, 5, 7, 6, 2, 2, 90, 1, 0, 1, 0, 0, 119),
(251, 6, 15, 8, 2, 1, 90, 0, 2, 0, 0, 0, 120),
(251, 7, 19, 2, 2, 1, 90, 0, 0, 0, 0, 0, 120),
(251, 8, 12, 5, 1, 1, 90, 0, 1, 0, 0, 0, 120),
(251, 9, 9, 3, 3, 0, 88, 0, 0, 0, 0, 0, 121),
(250, 1, 10, 7, 4, 3, 90, 1, 0, 0, 0, 0, 65),
(250, 2, 5, 7, 0, 2, 90, 0, 0, 0, 0, 1, 65),
(250, 3, 1, 2, 3, 1, 90, 0, 0, 0, 0, 0, 65),
(250, 4, 2, -2, 7, 2, 90, 0, 0, 1, 0, 0, 65),
(250, 5, 7, 1, 2, 2, 10, 0, 0, 0, 0, 0, 65),
(250, 6, 15, 0, 2, 1, 0, 0, 0, 0, 0, 0, 64),
(250, 7, 19, 0, 2, 1, 0, 0, 0, 0, 0, 0, 64),
(250, 8, 12, 0, 1, 1, 0, 0, 0, 0, 0, 0, 63),
(250, 9, 9, 0, 3, 0, 0, 0, 0, 0, 0, 0, 63),
(242, 1, 10, 0, 4, 3, 0, 0, 0, 0, 0, 0, 50),
(242, 2, 5, 0, 0, 2, 0, 0, 0, 0, 0, 0, 50),
(242, 3, 1, 0, 3, 1, 0, 0, 0, 0, 0, 0, 49),
(242, 4, 2, 0, 7, 2, 0, 0, 0, 0, 0, 0, 49),
(242, 5, 7, 0, 2, 2, 0, 0, 0, 0, 0, 0, 49),
(242, 6, 15, 0, 2, 1, 0, 0, 0, 0, 0, 0, 49),
(242, 7, 19, 0, 2, 1, 0, 0, 0, 0, 0, 0, 49),
(242, 8, 12, 0, 1, 1, 0, 0, 0, 0, 0, 0, 49),
(242, 9, 9, 0, 3, 0, 0, 0, 0, 0, 0, 0, 49),
(243, 1, 10, 2, 4, 3, 90, 0, 0, 0, 0, 0, 55),
(243, 2, 5, 3, 0, 2, 90, 0, 0, 0, 0, 0, 55),
(243, 3, 1, 2, 3, 1, 90, 0, 0, 0, 0, 0, 55),
(243, 4, 2, 2, 7, 2, 90, 0, 0, 0, 0, 0, 54),
(243, 5, 7, 1, 2, 2, 1, 0, 0, 0, 0, 0, 54),
(243, 6, 15, 2, 2, 1, 90, 0, 0, 0, 0, 0, 54),
(243, 7, 19, 2, 2, 1, 90, 0, 0, 0, 0, 0, 53),
(243, 8, 12, 2, 1, 1, 90, 0, 0, 0, 0, 0, 53),
(243, 9, 9, 3, 3, 0, 90, 0, 0, 0, 0, 0, 53),
(244, 1, 10, 2, 4, 3, 65, 0, 0, 0, 0, 0, 55),
(244, 2, 5, 1, 0, 2, 45, 0, 0, 0, 0, 0, 55),
(244, 3, 1, 0, 3, 1, 0, 0, 0, 0, 0, 0, 54),
(244, 4, 2, 0, 7, 2, 0, 0, 0, 0, 0, 0, 54),
(244, 5, 7, 2, 2, 2, 90, 0, 0, 0, 0, 0, 54),
(244, 6, 15, 2, 2, 1, 90, 0, 0, 0, 0, 0, 54),
(244, 7, 19, 2, 2, 1, 90, 0, 0, 0, 0, 0, 54),
(244, 8, 12, 2, 1, 1, 90, 0, 0, 0, 0, 0, 54),
(244, 9, 9, 0, 3, 0, 0, 0, 0, 0, 0, 0, 54),
(241, 1, 10, 0, 4, 3, 0, 0, 0, 0, 0, 0, 55),
(241, 2, 5, 1, 0, 2, 26, 0, 0, 0, 0, 0, 55),
(241, 3, 1, 1, 3, 1, 11, 0, 0, 0, 0, 0, 54),
(241, 4, 2, 1, 7, 2, 22, 0, 0, 0, 0, 0, 54),
(241, 5, 7, 0, 2, 2, 0, 0, 0, 0, 0, 0, 53),
(241, 6, 15, 1, 2, 1, 7, 0, 0, 0, 0, 0, 53),
(241, 7, 19, 1, 2, 1, 1, 0, 0, 0, 0, 0, 53),
(241, 8, 12, 1, 1, 1, 27, 0, 0, 0, 0, 0, 53),
(241, 9, 9, 11, 3, 0, 90, 0, 2, 0, 0, 2, 53),
(248, 1, 10, 0, 4, 3, 0, 0, 0, 0, 0, 0, 65),
(248, 2, 5, 0, 0, 2, 0, 0, 0, 0, 0, 0, 65),
(248, 3, 1, 0, 3, 1, 0, 0, 0, 0, 0, 0, 64),
(248, 4, 2, 0, 7, 2, 0, 0, 0, 0, 0, 0, 64),
(248, 5, 7, 0, 2, 2, 0, 0, 0, 0, 0, 0, 64),
(248, 6, 15, 0, 2, 1, 0, 0, 0, 0, 0, 0, 64),
(248, 7, 19, 0, 2, 1, 0, 0, 0, 0, 0, 0, 64),
(248, 8, 12, 0, 1, 1, 0, 0, 0, 0, 0, 0, 64),
(248, 9, 9, 0, 3, 0, 0, 0, 0, 0, 0, 0, 63),
(283, 2, 20, 0, 1, 3, 0, 0, 0, 0, 0, 0, 55),
(283, 3, 9, 0, 2, 5, 0, 0, 0, 0, 0, 0, 55),
(283, 4, 10, 0, 1, 1, 0, 0, 0, 0, 0, 0, 55),
(283, 5, 1, 0, 1, 0, 0, 0, 0, 0, 0, 0, 55),
(283, 6, 19, 1, 1, 1, 12, 0, 0, 0, 0, 0, 55),
(283, 7, 15, 0, 0, 1, 0, 0, 0, 0, 0, 0, 55),
(283, 8, 11, 0, 1, 1, 0, 0, 0, 0, 0, 0, 55),
(283, 9, 17, 0, 2, 0, 0, 0, 0, 0, 0, 0, 55),
(279, 2, 20, 2, 1, 3, 90, 0, 0, 0, 0, 0, 55),
(279, 3, 9, 5, 2, 5, 90, 1, 0, 1, 0, 0, 55),
(279, 4, 10, 1, 1, 1, 19, 0, 0, 0, 0, 0, 55),
(279, 5, 1, 5, 1, 0, 90, 0, 0, 1, 0, 0, 55),
(279, 6, 19, 0, 1, 1, 0, 0, 0, 0, 0, 0, 55),
(279, 7, 15, 0, 0, 1, 0, 0, 0, 0, 0, 0, 55),
(279, 8, 11, 0, 1, 1, 0, 0, 0, 0, 0, 0, 55),
(279, 9, 17, 0, 2, 0, 0, 0, 0, 0, 0, 0, 55),
(280, 2, 20, 0, 1, 3, 0, 0, 0, 0, 0, 0, 60),
(280, 3, 9, 0, 2, 5, 0, 0, 0, 0, 0, 0, 60),
(280, 4, 10, 2, 1, 1, 90, 0, 0, 0, 0, 0, 60),
(280, 5, 1, 0, 1, 0, 0, 0, 0, 0, 0, 0, 60),
(280, 6, 19, 0, 1, 1, 0, 0, 0, 0, 0, 0, 60),
(280, 7, 15, 8, 0, 1, 90, 0, 0, 0, 0, 2, 60),
(280, 8, 11, 1, 1, 1, 90, 0, 0, 1, 0, 0, 60),
(280, 9, 17, 1, 2, 0, 90, 0, 0, 0, 0, 0, 60),
(278, 2, 20, 2, 1, 3, 90, 0, 0, 0, 0, 0, 60),
(278, 3, 9, 0, 2, 5, 90, 0, 0, 0, 0, 0, 60),
(278, 4, 10, 4, 1, 1, 90, 0, 0, 0, 0, 0, 60),
(278, 5, 1, 7, 1, 0, 90, 0, 0, 0, 0, 0, 60),
(278, 6, 19, 2, 1, 1, 90, 0, 0, 0, 0, 0, 60),
(278, 7, 15, 6, 0, 1, 90, 0, 0, 0, 0, 0, 60),
(278, 8, 11, 3, 1, 1, 90, 0, 0, 0, 0, 1, 60),
(278, 9, 17, 1, 2, 0, 90, 0, 0, 0, 0, 0, 60),
(281, 2, 20, 0, 1, 3, 0, 0, 0, 0, 0, 0, 75),
(281, 3, 9, 0, 2, 5, 0, 0, 0, 0, 0, 0, 75),
(281, 4, 10, 1, 1, 1, 25, 0, 0, 0, 0, 0, 74),
(281, 5, 1, 3, 1, 0, 90, 0, 0, 0, 0, 0, 74),
(281, 6, 19, 2, 1, 1, 67, 0, 0, 0, 0, 0, 74),
(281, 7, 15, 3, 0, 1, 90, 0, 0, 0, 0, 0, 74),
(281, 8, 11, 1, 1, 1, 29, 0, 0, 0, 0, 0, 74),
(281, 9, 17, 2, 2, 0, 71, 0, 0, 0, 0, 0, 74),
(282, 2, 20, 6, 1, 3, 90, 1, 0, 1, 0, 1, 95),
(282, 3, 9, 0, 2, 5, 0, 0, 0, 0, 0, 0, 95),
(282, 4, 10, 0, 1, 1, 0, 0, 0, 0, 0, 0, 94),
(282, 5, 1, 0, 1, 0, 0, 0, 0, 0, 0, 0, 94),
(282, 6, 19, 0, 1, 1, 0, 0, 0, 0, 0, 0, 93),
(282, 7, 15, 0, 0, 1, 0, 0, 0, 0, 0, 0, 93),
(282, 8, 11, 9, 1, 1, 90, 1, 0, 0, 0, 3, 93),
(282, 9, 17, 2, 2, 0, 90, 0, 0, 0, 0, 0, 93),
(285, 2, 20, 0, 1, 3, 0, 0, 0, 0, 0, 0, 45),
(285, 3, 9, 0, 2, 5, 0, 0, 0, 0, 0, 0, 45),
(285, 4, 10, 0, 1, 1, 0, 0, 0, 0, 0, 0, 45),
(285, 5, 1, 0, 1, 0, 0, 0, 0, 0, 0, 0, 45),
(285, 6, 19, 0, 1, 1, 0, 0, 0, 0, 0, 0, 45),
(285, 7, 15, 0, 0, 1, 0, 0, 0, 0, 0, 0, 44),
(285, 8, 11, 0, 1, 1, 0, 0, 0, 0, 0, 0, 44),
(285, 9, 17, 0, 2, 0, 0, 0, 0, 0, 0, 0, 44),
(286, 2, 20, 1, 1, 3, 90, 0, 0, 1, 0, 0, 55),
(286, 3, 9, 2, 2, 5, 90, 0, 0, 0, 0, 0, 55),
(286, 4, 10, 2, 1, 1, 90, 0, 0, 0, 0, 0, 55),
(286, 5, 1, 2, 1, 0, 90, 0, 0, 1, 0, 0, 55),
(286, 6, 19, 2, 1, 1, 90, 0, 0, 0, 0, 0, 54),
(286, 7, 15, 3, 0, 1, 90, 0, 0, 0, 0, 0, 54),
(286, 8, 11, 2, 1, 1, 90, 0, 0, 0, 0, 0, 54),
(286, 9, 17, 2, 2, 0, 90, 0, 0, 0, 0, 0, 54),
(288, 2, 20, 0, 1, 3, 0, 0, 0, 0, 0, 0, 50),
(288, 3, 9, 0, 2, 5, 90, 0, 0, 0, 0, 0, 49),
(288, 4, 10, 0, 1, 1, 0, 0, 0, 0, 0, 0, 49),
(288, 5, 1, 0, 1, 0, 0, 0, 0, 0, 0, 0, 48),
(288, 6, 19, 2, 1, 1, 90, 0, 0, 0, 0, 0, 48),
(288, 7, 15, 0, 0, 1, 0, 0, 0, 0, 0, 0, 48),
(288, 8, 11, 0, 1, 1, 0, 0, 0, 0, 0, 0, 48),
(288, 9, 17, 0, 2, 0, 0, 0, 0, 0, 0, 0, 48),
(284, 2, 20, 9, 1, 3, 90, 1, 0, 0, 0, 2, 65),
(284, 3, 9, 2, 2, 5, 63, 0, 0, 0, 0, 0, 65),
(284, 4, 10, 2, 1, 1, 90, 0, 0, 0, 0, 0, 66),
(284, 5, 1, 6, 1, 0, 88, 0, 1, 0, 0, 0, 66),
(284, 6, 19, 6, 1, 1, 45, 1, 0, 0, 0, 0, 66),
(284, 7, 15, 1, 0, 1, 9, 0, 0, 0, 0, 0, 66),
(284, 8, 11, 0, 1, 1, 0, 0, 0, 0, 0, 0, 66),
(284, 9, 17, 1, 2, 0, 18, 0, 0, 0, 0, 0, 65),
(289, 2, 6, 0, 1, 3, 0, 0, 0, 0, 0, 0, 50),
(289, 3, 3, 0, 2, 3, 0, 0, 0, 0, 0, 0, 50),
(289, 4, 17, 0, 1, 6, 0, 0, 0, 0, 0, 0, 50),
(289, 5, 14, 0, 1, 4, 0, 0, 0, 0, 0, 0, 49),
(289, 6, 5, 0, 0, 0, 0, 0, 0, 0, 0, 0, 49),
(289, 7, 1, 0, 0, 1, 0, 0, 0, 0, 0, 0, 49),
(289, 8, 7, 0, 1, 3, 0, 0, 0, 0, 0, 0, 49),
(289, 9, 18, 0, 1, 0, 0, 0, 0, 0, 0, 0, 49),
(292, 2, 6, 0, 1, 3, 0, 0, 0, 0, 0, 0, 50),
(292, 3, 3, 0, 2, 3, 0, 0, 0, 0, 0, 0, 50),
(292, 4, 17, 0, 1, 6, 0, 0, 0, 0, 0, 0, 49),
(292, 5, 14, 0, 1, 4, 0, 0, 0, 0, 0, 0, 49),
(292, 6, 5, 0, 0, 0, 0, 0, 0, 0, 0, 0, 49),
(292, 7, 1, 0, 0, 1, 0, 0, 0, 0, 0, 0, 49),
(292, 8, 7, 0, 1, 3, 0, 0, 0, 0, 0, 0, 49),
(292, 9, 18, 0, 1, 0, 0, 0, 0, 0, 0, 0, 49),
(291, 2, 6, 1, 1, 3, 90, 0, 0, 0, 0, 0, 55),
(291, 3, 3, 2, 2, 3, 90, 0, 0, 0, 0, 0, 55),
(291, 4, 17, -1, 1, 6, 90, 0, 0, 0, 0, 0, 55),
(291, 5, 14, 3, 1, 4, 90, 0, 0, 0, 0, 0, 55),
(291, 6, 5, 6, 0, 0, 90, 0, 0, 0, 0, 0, 55),
(291, 7, 1, 2, 0, 1, 90, 0, 0, 0, 0, 0, 54),
(291, 8, 7, 2, 1, 3, 90, 0, 0, 0, 0, 0, 54),
(291, 9, 18, 6, 1, 0, 90, 0, 0, 0, 0, 0, 54),
(293, 2, 6, 1, 1, 3, 9, 0, 0, 0, 0, 0, 65),
(293, 3, 3, 0, 2, 3, 0, 0, 0, 0, 0, 0, 64),
(293, 4, 17, 0, 1, 6, 0, 0, 0, 0, 0, 0, 63),
(293, 5, 14, 0, 1, 4, 0, 0, 0, 0, 0, 0, 63),
(293, 6, 5, 0, 0, 0, 0, 0, 0, 0, 0, 0, 63),
(293, 7, 1, 0, 0, 1, 0, 0, 0, 0, 0, 0, 62),
(293, 8, 7, 0, 1, 3, 0, 0, 0, 0, 0, 0, 62),
(293, 9, 18, 0, 1, 0, 0, 0, 0, 0, 0, 0, 62),
(294, 2, 6, 0, 1, 3, 0, 0, 0, 0, 0, 0, 50),
(294, 3, 3, 0, 2, 3, 0, 0, 0, 0, 0, 0, 50),
(294, 4, 17, 0, 1, 6, 0, 0, 0, 0, 0, 0, 49),
(294, 5, 14, 0, 1, 4, 0, 0, 0, 0, 0, 0, 49),
(294, 6, 5, 0, 0, 0, 0, 0, 0, 0, 0, 0, 49),
(294, 7, 1, 0, 0, 1, 0, 0, 0, 0, 0, 0, 49),
(294, 8, 7, 0, 1, 3, 0, 0, 0, 0, 0, 0, 48),
(294, 9, 18, 0, 1, 0, 0, 0, 0, 0, 0, 0, 48),
(297, 2, 6, 0, 1, 3, 0, 0, 0, 0, 0, 0, 50),
(297, 3, 3, 0, 2, 3, 0, 0, 0, 0, 0, 0, 50),
(297, 4, 17, 0, 1, 6, 0, 0, 0, 0, 0, 0, 49),
(297, 5, 14, 0, 1, 4, 0, 0, 0, 0, 0, 0, 49),
(297, 6, 5, 0, 0, 0, 0, 0, 0, 0, 0, 0, 49),
(297, 7, 1, 0, 0, 1, 0, 0, 0, 0, 0, 0, 49),
(297, 8, 7, 0, 1, 3, 0, 0, 0, 0, 0, 0, 49),
(297, 9, 18, 0, 1, 0, 0, 0, 0, 0, 0, 0, 49),
(298, 2, 6, 0, 1, 3, 90, 0, 0, 1, 0, 0, 55),
(298, 3, 3, 4, 2, 3, 90, 0, 1, 0, 0, 0, 55),
(298, 4, 17, -1, 1, 6, 90, 0, 0, 0, 0, 0, 55),
(298, 5, 14, 8, 1, 4, 90, 1, 0, 0, 0, 0, 54),
(298, 6, 5, 7, 0, 0, 90, 0, 0, 0, 0, 1, 54),
(298, 7, 1, 1, 0, 1, 90, 0, 0, 1, 0, 0, 54),
(298, 8, 7, 2, 1, 3, 90, 0, 0, 0, 0, 0, 54),
(298, 9, 18, 6, 1, 0, 90, 0, 0, 0, 0, 0, 54),
(295, 2, 6, 0, 1, 3, 0, 0, 0, 0, 0, 0, 50),
(295, 3, 3, 4, 2, 3, 90, 0, 1, 1, 0, 0, 50),
(295, 4, 17, 1, 1, 6, 45, 0, 0, 0, 0, 0, 50),
(295, 5, 14, 1, 1, 4, 1, 0, 0, 0, 0, 0, 50),
(295, 6, 5, 0, 0, 0, 0, 0, 0, 0, 0, 0, 49),
(295, 7, 1, 1, 0, 1, 28, 0, 0, 0, 0, 0, 49),
(295, 8, 7, 0, 1, 3, 0, 0, 0, 0, 0, 0, 49),
(295, 9, 18, 3, 1, 0, 90, 0, 0, 0, 0, 0, 48),
(296, 2, 6, 2, 1, 3, 66, 0, 0, 0, 0, 0, 80),
(296, 3, 3, 2, 2, 3, 64, 0, 0, 0, 0, 0, 80),
(296, 4, 17, 2, 1, 6, 90, 0, 0, 0, 0, 0, 79),
(296, 5, 14, 1, 1, 4, 21, 0, 0, 0, 0, 0, 79),
(296, 6, 5, 1, 0, 0, 32, 0, 0, 0, 0, 0, 78),
(296, 7, 1, 2, 0, 1, 90, 0, 0, 0, 0, 0, 78),
(296, 8, 7, 1, 1, 3, 8, 0, 0, 0, 0, 0, 78),
(296, 9, 18, 0, 1, 0, 0, 0, 0, 0, 0, 0, 77),
(290, 2, 6, 0, 1, 3, 0, 0, 0, 0, 0, 0, 60),
(290, 3, 3, 0, 2, 3, 0, 0, 0, 0, 0, 0, 60),
(290, 4, 17, 0, 1, 6, 0, 0, 0, 0, 0, 0, 59),
(290, 5, 14, 5, 1, 4, 90, 0, 1, 0, 0, 0, 59),
(290, 6, 5, 1, 0, 0, 57, 0, 0, 0, 0, 0, 59),
(290, 7, 1, 0, 0, 1, 0, 0, 0, 0, 0, 0, 59),
(290, 8, 7, 2, 1, 3, 81, 0, 0, 0, 0, 0, 59),
(290, 9, 18, 6, 1, 0, 62, 0, 1, 0, 0, 0, 59),
(287, 2, 20, 1, 1, 3, 9, 0, 0, 0, 0, 0, 70),
(287, 3, 9, 1, 2, 5, 26, 0, 0, 0, 0, 0, 70),
(287, 4, 10, 5, 1, 1, 64, 0, 1, 0, 0, 0, 69),
(287, 5, 1, 0, 1, 0, 0, 0, 0, 0, 0, 0, 69),
(287, 6, 19, 0, 1, 1, 0, 0, 0, 0, 0, 0, 69),
(287, 7, 15, 3, 0, 1, 80, 0, 0, 0, 0, 0, 69),
(287, 8, 11, 2, 1, 1, 60, 0, 0, 0, 0, 0, 69),
(287, 9, 17, 1, 2, 0, 90, 0, 0, 1, 0, 0, 69),
(300, 2, 6, 1, 1, 3, 90, 0, 0, 0, 0, 0, 50),
(300, 3, 3, 1, 2, 3, 90, 0, 0, 0, 0, 0, 50),
(300, 4, 17, -2, 1, 6, 90, 0, 0, 1, 0, 0, 50),
(300, 5, 14, 0, 1, 4, 90, 0, 0, 0, 0, 0, 49),
(300, 6, 5, 5, 0, 0, 90, 0, 0, 1, 0, 0, 49),
(300, 7, 1, 2, 0, 1, 90, 0, 0, 0, 0, 0, 49),
(300, 8, 7, 7, 1, 3, 66, 0, 1, 0, 0, 2, 49),
(300, 9, 18, 0, 1, 0, 0, 0, 0, 0, 0, 0, 48),
(301, 2, 6, 0, 1, 3, 0, 0, 0, 0, 0, 0, 60),
(301, 3, 3, 0, 2, 3, 0, 0, 0, 0, 0, 0, 60),
(301, 4, 17, 0, 1, 6, 0, 0, 0, 0, 0, 0, 59),
(301, 5, 14, 0, 1, 4, 0, 0, 0, 0, 0, 0, 59),
(301, 6, 5, 0, 0, 0, 0, 0, 0, 0, 0, 0, 59),
(301, 7, 1, 0, 0, 1, 0, 0, 0, 0, 0, 0, 59),
(301, 8, 7, 0, 1, 3, 0, 0, 0, 0, 0, 0, 59),
(301, 9, 18, 0, 1, 0, 0, 0, 0, 0, 0, 0, 59),
(302, 2, 6, 2, 1, 3, 90, 0, 0, 0, 0, 0, 105),
(302, 3, 3, 12, 2, 3, 90, 1, 1, 1, 0, 3, 105),
(302, 4, 17, 6, 1, 6, 45, 1, 0, 0, 0, 0, 105),
(302, 5, 14, 11, 1, 4, 90, 1, 1, 0, 0, 3, 105),
(302, 6, 5, 3, 0, 0, 90, 0, 0, 0, 0, 0, 105),
(302, 7, 1, 2, 0, 1, 74, 0, 0, 0, 0, 0, 105),
(302, 8, 7, 17, 1, 3, 90, 2, 1, 1, 0, 3, 105),
(302, 9, 18, 11, 1, 0, 90, 1, 0, 0, 0, 3, 107),
(303, 2, 6, 2, 1, 3, 90, 0, 0, 0, 0, 0, 90),
(303, 3, 3, 2, 2, 3, 89, 0, 0, 0, 0, 0, 90),
(303, 4, 17, 1, 1, 6, 27, 0, 1, 0, 1, 0, 89),
(303, 5, 14, 0, 1, 4, 0, 0, 0, 0, 0, 0, 88),
(303, 6, 5, 0, 0, 0, 0, 0, 0, 0, 0, 0, 88),
(303, 7, 1, 0, 0, 1, 0, 0, 0, 0, 0, 0, 88),
(303, 8, 7, 2, 1, 3, 81, 0, 0, 0, 0, 0, 87),
(303, 9, 18, 2, 1, 0, 90, 0, 0, 0, 0, 0, 87),
(299, 2, 6, 0, 1, 3, 0, 0, 0, 0, 0, 0, 55),
(299, 3, 3, 1, 2, 3, 25, 0, 0, 0, 0, 0, 54),
(299, 4, 17, 1, 1, 6, 45, 0, 0, 0, 0, 0, 54),
(299, 5, 14, 2, 1, 4, 68, 0, 0, 0, 0, 0, 54),
(299, 6, 5, 2, 0, 0, 90, 0, 0, 1, 0, 0, 53),
(299, 7, 1, 2, 0, 1, 61, 0, 0, 1, 0, 0, 53),
(299, 8, 7, 1, 1, 3, 90, 0, 0, 1, 0, 0, 53),
(299, 9, 18, 3, 1, 0, 83, 0, 0, 0, 0, 0, 53),
(307, 2, 6, 0, 1, 3, 0, 0, 0, 0, 0, 0, 45),
(307, 3, 3, 0, 2, 3, 0, 0, 0, 0, 0, 0, 45),
(307, 4, 17, 0, 1, 6, 0, 0, 0, 0, 0, 0, 45),
(307, 5, 14, 0, 1, 4, 0, 0, 0, 0, 0, 0, 45),
(307, 6, 5, 0, 0, 0, 0, 0, 0, 0, 0, 0, 45),
(307, 7, 1, 0, 0, 1, 0, 0, 0, 0, 0, 0, 45),
(307, 8, 7, 1, 1, 3, 23, 0, 0, 0, 0, 0, 45),
(307, 9, 18, 0, 1, 0, 0, 0, 0, 0, 0, 0, 44),
(310, 2, 6, 0, 1, 3, 0, 0, 0, 0, 0, 0, 50),
(310, 3, 3, 1, 2, 3, 8, 0, 0, 0, 0, 0, 50),
(310, 4, 17, -2, 1, 6, 90, 0, 0, 1, 0, 0, 50),
(310, 5, 14, 0, 1, 4, 0, 0, 0, 0, 0, 0, 50),
(310, 6, 5, 0, 0, 0, 0, 0, 0, 0, 0, 0, 49),
(310, 7, 1, 0, 0, 1, 0, 0, 0, 0, 0, 0, 49),
(310, 8, 7, 0, 1, 3, 0, 0, 0, 0, 0, 0, 49),
(310, 9, 18, 0, 1, 0, 0, 0, 0, 0, 0, 0, 49),
(308, 2, 6, 1, 1, 3, 90, 0, 0, 0, 0, 0, 50),
(308, 3, 3, 1, 2, 3, 90, 0, 0, 0, 0, 0, 50),
(308, 4, 17, 0, 1, 6, 0, 0, 0, 0, 0, 0, 49),
(308, 5, 14, 2, 1, 4, 90, 0, 0, 0, 0, 0, 49),
(308, 6, 5, 6, 0, 0, 90, 0, 0, 0, 0, 0, 49),
(308, 7, 1, 2, 0, 1, 90, 0, 0, 0, 0, 0, 49),
(308, 8, 7, 2, 1, 3, 90, 0, 0, 0, 0, 0, 49),
(308, 9, 18, 7, 1, 0, 90, 0, 0, 0, 0, 1, 49),
(305, 2, 6, 0, 1, 3, 0, 0, 0, 0, 0, 0, 55),
(305, 3, 3, 0, 2, 3, 0, 0, 0, 0, 0, 0, 55),
(305, 4, 17, 0, 1, 6, 0, 0, 0, 0, 0, 0, 54),
(305, 5, 14, 0, 1, 4, 0, 0, 0, 0, 0, 0, 54),
(305, 6, 5, 0, 0, 0, 0, 0, 0, 0, 0, 0, 54),
(305, 7, 1, 0, 0, 1, 0, 0, 0, 0, 0, 0, 53),
(305, 8, 7, 0, 1, 3, 0, 0, 0, 0, 0, 0, 53),
(305, 9, 18, 0, 1, 0, 0, 0, 0, 0, 0, 0, 53),
(306, 2, 6, 2, 1, 3, 90, 0, 0, 0, 0, 0, 95),
(306, 3, 3, 7, 2, 3, 90, 1, 0, 0, 0, 0, 95),
(306, 4, 17, 2, 1, 6, 90, 0, 0, 0, 0, 0, 95),
(306, 5, 14, 15, 1, 4, 90, 1, 2, 0, 0, 2, 95),
(306, 6, 5, 2, 0, 0, 90, 0, 0, 1, 0, 0, 95),
(306, 7, 1, 2, 0, 1, 90, 0, 0, 0, 0, 0, 95),
(306, 8, 7, 5, 1, 3, 90, 0, 1, 0, 0, 0, 96),
(306, 9, 18, 3, 1, 0, 78, 0, 0, 0, 0, 0, 96),
(304, 2, 6, 0, 1, 3, 0, 0, 0, 0, 0, 0, 50),
(304, 3, 3, 0, 2, 3, 0, 0, 0, 0, 0, 0, 50),
(304, 4, 17, 0, 1, 6, 0, 0, 0, 0, 0, 0, 49),
(304, 5, 14, 0, 1, 4, 0, 0, 0, 0, 0, 0, 49),
(304, 6, 5, 0, 0, 0, 0, 0, 0, 0, 0, 0, 49),
(304, 7, 1, 0, 0, 1, 0, 0, 0, 0, 0, 0, 48),
(304, 8, 7, 0, 1, 3, 0, 0, 0, 0, 0, 0, 48),
(304, 9, 18, 0, 1, 0, 0, 0, 0, 0, 0, 0, 48),
(313, 2, 6, 0, 1, 3, 0, 0, 0, 0, 0, 0, 55),
(313, 3, 3, 1, 2, 3, 90, 0, 0, 0, 0, 0, 55),
(313, 4, 17, -1, 1, 6, 90, 0, 0, 0, 0, 0, 54),
(313, 5, 14, 8, 1, 4, 90, 1, 0, 0, 0, 0, 54),
(313, 6, 5, 6, 0, 0, 90, 0, 0, 0, 0, 0, 54),
(313, 7, 1, 2, 0, 1, 90, 0, 0, 0, 0, 0, 54),
(313, 8, 7, 2, 1, 3, 90, 0, 0, 0, 0, 0, 54),
(313, 9, 18, 8, 1, 0, 90, 0, 0, 0, 0, 2, 54),
(309, 2, 6, 2, 1, 3, 90, 0, 0, 0, 0, 0, 50),
(309, 3, 3, 0, 2, 3, 0, 0, 0, 0, 0, 0, 50),
(309, 4, 17, 1, 1, 6, 45, 0, 0, 0, 0, 0, 50),
(309, 5, 14, 2, 1, 4, 90, 0, 0, 0, 0, 0, 49),
(309, 6, 5, 3, 0, 0, 82, 0, 0, 0, 0, 0, 49),
(309, 7, 1, 2, 0, 1, 90, 0, 0, 0, 0, 0, 49),
(309, 8, 7, 2, 1, 3, 90, 0, 0, 0, 0, 0, 49),
(309, 9, 18, 1, 1, 0, 6, 0, 0, 0, 0, 0, 49),
(314, 2, 6, 0, 1, 3, 0, 0, 0, 0, 0, 0, 50),
(314, 3, 3, 0, 2, 3, 0, 0, 0, 0, 0, 0, 50),
(314, 4, 17, 0, 1, 6, 0, 0, 0, 0, 0, 0, 49),
(314, 5, 14, 0, 1, 4, 0, 0, 0, 0, 0, 0, 49),
(314, 6, 5, 0, 0, 0, 0, 0, 0, 0, 0, 0, 49),
(314, 7, 1, 0, 0, 1, 0, 0, 0, 0, 0, 0, 48),
(314, 8, 7, 0, 1, 3, 0, 0, 0, 0, 0, 0, 48),
(314, 9, 18, 0, 1, 0, 0, 0, 0, 0, 0, 0, 48),
(311, 2, 6, 1, 1, 3, 45, 0, 0, 0, 0, 0, 65),
(311, 3, 3, 0, 2, 3, 0, 0, 0, 0, 0, 0, 65),
(311, 4, 17, 0, 1, 6, 0, 0, 0, 0, 0, 0, 64),
(311, 5, 14, 1, 1, 4, 75, 0, 0, 1, 0, 0, 64),
(311, 6, 5, 1, 0, 0, 57, 0, 0, 0, 0, 0, 63),
(311, 7, 1, 0, 0, 1, 0, 0, 0, 0, 0, 0, 63),
(311, 8, 7, 0, 1, 3, 0, 0, 0, 0, 0, 0, 63),
(311, 9, 18, 0, 1, 0, 0, 0, 0, 0, 0, 0, 63),
(312, 2, 6, 0, 1, 3, 80, 0, 0, 1, 0, 0, 45),
(312, 3, 3, 0, 2, 3, 0, 0, 0, 0, 0, 0, 45),
(312, 4, 17, 0, 1, 6, 0, 0, 0, 0, 0, 0, 45),
(312, 5, 14, 0, 1, 4, 0, 0, 0, 0, 0, 0, 45),
(312, 6, 5, 0, 0, 0, 0, 0, 0, 0, 0, 0, 44),
(312, 7, 1, 0, 0, 1, 0, 0, 0, 0, 0, 0, 44),
(312, 8, 7, 0, 1, 3, 0, 0, 0, 0, 0, 0, 44),
(312, 9, 18, 0, 1, 0, 0, 0, 0, 0, 0, 0, 44),
(315, 2, 6, 1, 1, 3, 45, 0, 0, 0, 0, 0, 75),
(315, 3, 3, 2, 2, 3, 81, 0, 0, 0, 0, 0, 75),
(315, 4, 17, 2, 1, 6, 67, 0, 0, 0, 0, 0, 74),
(315, 5, 14, 0, 1, 4, 0, 0, 0, 0, 0, 0, 73),
(315, 6, 5, 1, 0, 0, 7, 0, 0, 0, 0, 0, 73),
(315, 7, 1, 1, 0, 1, 74, 0, 0, 1, 0, 0, 72),
(315, 8, 7, 0, 1, 3, 0, 0, 0, 0, 0, 0, 72),
(315, 9, 18, 0, 1, 0, 0, 0, 0, 0, 0, 0, 71),
(317, 2, 6, 0, 1, 3, 0, 0, 0, 0, 0, 0, 45),
(317, 3, 3, 0, 2, 3, 0, 0, 0, 0, 0, 0, 45),
(317, 4, 17, 0, 1, 6, 0, 0, 0, 0, 0, 0, 45),
(317, 5, 14, 0, 1, 4, 0, 0, 0, 0, 0, 0, 45),
(317, 6, 5, 0, 0, 0, 0, 0, 0, 0, 0, 0, 45),
(317, 7, 1, 0, 0, 1, 0, 0, 0, 0, 0, 0, 44),
(317, 8, 7, 0, 1, 3, 0, 0, 0, 0, 0, 0, 44),
(317, 9, 18, 0, 1, 0, 0, 0, 0, 0, 0, 0, 44),
(316, 2, 6, 0, 1, 3, 0, 0, 0, 0, 0, 0, 45),
(316, 3, 3, 0, 2, 3, 0, 0, 0, 0, 0, 0, 45),
(316, 4, 17, 0, 1, 6, 0, 0, 0, 0, 0, 0, 45),
(316, 5, 14, 0, 1, 4, 0, 0, 0, 0, 0, 0, 45),
(316, 6, 5, 0, 0, 0, 0, 0, 0, 0, 0, 0, 45),
(316, 7, 1, 0, 0, 1, 0, 0, 0, 0, 0, 0, 45),
(316, 8, 7, 0, 1, 3, 0, 0, 0, 0, 0, 0, 45),
(316, 9, 18, 0, 1, 0, 0, 0, 0, 0, 0, 0, 45),
(318, 2, 6, 0, 1, 3, 0, 0, 0, 0, 0, 0, 45),
(318, 3, 3, 0, 2, 3, 0, 0, 0, 0, 0, 0, 45),
(318, 4, 17, 0, 1, 6, 0, 0, 0, 0, 0, 0, 44),
(318, 5, 14, 0, 1, 4, 0, 0, 0, 0, 0, 0, 44),
(318, 6, 5, 0, 0, 0, 0, 0, 0, 0, 0, 0, 44),
(318, 7, 1, 0, 0, 1, 0, 0, 0, 0, 0, 0, 43),
(318, 8, 7, 0, 1, 3, 0, 0, 0, 0, 0, 0, 43),
(318, 9, 18, 0, 1, 0, 0, 0, 0, 0, 0, 0, 43),
(385, 1, 7, 1, 0, 1, 45, 0, 0, 0, 0, 0, 50),
(385, 2, 16, 0, 2, 5, 0, 0, 0, 0, 0, 0, 50),
(385, 3, 14, 0, 1, 1, 0, 0, 0, 0, 0, 0, 49),
(385, 4, 13, 2, 1, 6, 90, 0, 0, 0, 0, 0, 49),
(385, 5, 19, 2, 3, 3, 90, 0, 0, 0, 0, 0, 48),
(385, 6, 4, 3, 0, 1, 90, 0, 0, 0, 0, 0, 48),
(385, 7, 3, 2, 2, 1, 90, 0, 0, 0, 0, 0, 48),
(385, 8, 18, 3, 0, 1, 77, 0, 0, 0, 0, 0, 48),
(385, 9, 12, 2, 2, 0, 90, 0, 0, 1, 0, 0, 48),
(384, 1, 7, 0, 0, 1, 0, 0, 0, 0, 0, 0, 50),
(384, 2, 16, 0, 2, 5, 0, 0, 0, 0, 0, 0, 50),
(384, 3, 14, 0, 1, 1, 0, 0, 0, 0, 0, 0, 49),
(384, 4, 13, 0, 1, 6, 0, 0, 0, 0, 0, 0, 49),
(384, 5, 19, 0, 3, 3, 0, 0, 0, 0, 0, 0, 48),
(384, 6, 4, 0, 0, 1, 0, 0, 0, 0, 0, 0, 48),
(384, 7, 3, 0, 2, 1, 0, 0, 0, 0, 0, 0, 48),
(384, 8, 18, 0, 0, 1, 0, 0, 0, 0, 0, 0, 48),
(384, 9, 12, 0, 2, 0, 0, 0, 0, 0, 0, 0, 47),
(319, 2, 6, 0, 1, 3, 0, 0, 0, 0, 0, 0, 40),
(319, 3, 3, 0, 2, 3, 0, 0, 0, 0, 0, 0, 40),
(319, 4, 17, 0, 1, 6, 0, 0, 0, 0, 0, 0, 40),
(319, 5, 14, 0, 1, 4, 0, 0, 0, 0, 0, 0, 40),
(319, 6, 5, 0, 0, 0, 0, 0, 0, 0, 0, 0, 40),
(319, 7, 1, 0, 0, 1, 0, 0, 0, 0, 0, 0, 40),
(319, 8, 7, 0, 1, 3, 0, 0, 0, 0, 0, 0, 40),
(319, 9, 18, 0, 1, 0, 0, 0, 0, 0, 0, 0, 39),
(383, 1, 7, 3, 0, 1, 90, 0, 0, 0, 0, 0, 55),
(383, 2, 16, 2, 2, 5, 90, 0, 0, 0, 0, 0, 55),
(383, 3, 14, 2, 1, 1, 90, 0, 0, 0, 0, 0, 55),
(383, 4, 13, 2, 1, 6, 90, 0, 0, 0, 0, 0, 55),
(383, 5, 19, 1, 3, 3, 90, 0, 0, 0, 0, 0, 55),
(383, 6, 4, 9, 0, 1, 90, 0, 0, 0, 0, 2, 55),
(383, 7, 3, 2, 2, 1, 90, 0, 0, 0, 0, 0, 55),
(383, 8, 18, 6, 0, 1, 90, 0, 0, 0, 0, 0, 55),
(383, 9, 12, 10, 2, 0, 90, 0, 0, 0, 0, 3, 55),
(391, 1, 7, 2, 0, 1, 90, 0, 0, 0, 0, 0, 50),
(391, 2, 16, 1, 2, 5, 90, 0, 0, 0, 0, 0, 50),
(391, 3, 14, 2, 1, 1, 90, 0, 0, 0, 0, 0, 50),
(391, 4, 13, 2, 1, 6, 90, 0, 0, 0, 0, 0, 50),
(391, 5, 19, 0, 3, 3, 0, 0, 0, 0, 0, 0, 50),
(391, 6, 4, 6, 0, 1, 90, 0, 0, 0, 0, 0, 50),
(391, 7, 3, 2, 2, 1, 90, 0, 0, 0, 0, 0, 49),
(391, 8, 18, 6, 0, 1, 90, 0, 0, 0, 0, 0, 49),
(391, 9, 12, 7, 2, 0, 90, 0, 0, 0, 0, 1, 49),
(393, 1, 7, 0, 0, 1, 0, 0, 0, 0, 0, 0, 45),
(393, 2, 16, 0, 2, 5, 0, 0, 0, 0, 0, 0, 45),
(393, 3, 14, 0, 1, 1, 0, 0, 0, 0, 0, 0, 45),
(393, 4, 13, 0, 1, 6, 0, 0, 0, 0, 0, 0, 45),
(393, 5, 19, 0, 3, 3, 0, 0, 0, 0, 0, 0, 44),
(393, 6, 4, 0, 0, 1, 0, 0, 0, 0, 0, 0, 44),
(393, 7, 3, 0, 2, 1, 0, 0, 0, 0, 0, 0, 44),
(393, 8, 18, 0, 0, 1, 0, 0, 0, 0, 0, 0, 44),
(393, 9, 12, 0, 2, 0, 0, 0, 0, 0, 0, 0, 44),
(389, 1, 7, 0, 0, 1, 0, 0, 0, 0, 0, 0, 55),
(389, 2, 16, 0, 2, 5, 0, 0, 0, 0, 0, 0, 54),
(389, 3, 14, 0, 1, 1, 0, 0, 0, 0, 0, 0, 53),
(389, 4, 13, 12, 1, 6, 90, 1, 1, 0, 0, 1, 52),
(389, 5, 19, 1, 3, 3, 90, 0, 0, 0, 0, 0, 52),
(389, 6, 4, 0, 0, 1, 0, 0, 0, 0, 0, 0, 52),
(389, 7, 3, 0, 2, 1, 0, 0, 0, 0, 0, 0, 52),
(389, 8, 18, 0, 0, 1, 0, 0, 0, 0, 0, 0, 52),
(389, 9, 12, 6, 2, 0, 90, 0, 0, 0, 0, 0, 52),
(386, 1, 7, 2, 0, 1, 90, 0, 0, 0, 0, 0, 55),
(386, 2, 16, 0, 2, 5, 0, 0, 0, 0, 0, 0, 55),
(386, 3, 14, 0, 1, 1, 0, 0, 0, 0, 0, 0, 55),
(386, 4, 13, 0, 1, 6, 0, 0, 0, 0, 0, 0, 54),
(386, 5, 19, 1, 3, 3, 90, 0, 0, 0, 0, 0, 54),
(386, 6, 4, 8, 0, 1, 90, 0, 0, 0, 0, 2, 54),
(386, 7, 3, 2, 2, 1, 90, 0, 0, 0, 0, 0, 54),
(386, 8, 18, 7, 0, 1, 90, 0, 0, 0, 0, 1, 54),
(386, 9, 12, 6, 2, 0, 80, 0, 0, 0, 0, 0, 54),
(390, 1, 7, 2, 0, 1, 90, 0, 0, 0, 0, 0, 90),
(390, 2, 16, 24, 2, 5, 90, 4, 0, 0, 0, 2, 89),
(390, 3, 14, 1, 1, 1, 45, 0, 0, 0, 0, 0, 91),
(390, 4, 13, 18, 1, 6, 72, 2, 1, 0, 0, 3, 90),
(390, 5, 19, 13, 3, 3, 79, 1, 1, 0, 0, 2, 92),
(390, 6, 4, 11, 0, 1, 90, 1, 0, 0, 0, 3, 94),
(390, 7, 3, 2, 2, 1, 84, 0, 0, 0, 0, 0, 95),
(390, 8, 18, 3, 0, 1, 90, 0, 0, 0, 0, 0, 96),
(390, 9, 12, 10, 2, 0, 90, 1, 0, 0, 0, 2, 95),
(396, 1, 7, 1, 0, 1, 90, 0, 0, 1, 0, 0, 50),
(396, 2, 16, 2, 2, 5, 90, 0, 0, 0, 0, 0, 50),
(396, 3, 14, 2, 1, 1, 90, 0, 0, 0, 0, 0, 49),
(396, 4, 13, 5, 1, 6, 90, 0, 1, 0, 0, 0, 49),
(396, 5, 19, 2, 3, 3, 90, 0, 0, 0, 0, 0, 49),
(396, 6, 4, 3, 0, 1, 90, 0, 0, 0, 0, 0, 49),
(396, 7, 3, 2, 2, 1, 90, 0, 0, 0, 0, 0, 49),
(396, 8, 18, 3, 0, 1, 90, 0, 0, 0, 0, 0, 49),
(396, 9, 12, 3, 2, 0, 90, 0, 0, 0, 0, 0, 49),
(395, 1, 7, 2, 0, 1, 90, 0, 0, 0, 0, 0, 50),
(395, 2, 16, 1, 2, 5, 90, 0, 0, 0, 0, 0, 50),
(395, 3, 14, 2, 1, 1, 90, 0, 0, 0, 0, 0, 50),
(395, 4, 13, 4, 1, 6, 17, 0, 1, 0, 0, 0, 49),
(395, 5, 19, 0, 3, 3, 0, 0, 0, 0, 0, 0, 49),
(395, 6, 4, 6, 0, 1, 90, 0, 0, 0, 0, 0, 48),
(395, 7, 3, 1, 2, 1, 5, 0, 0, 0, 0, 0, 48),
(395, 8, 18, 0, 0, 1, 0, 0, 0, 0, 0, 0, 48),
(395, 9, 12, 0, 2, 0, 0, 0, 0, 0, 0, 0, 48),
(394, 1, 7, 1, 0, 1, 45, 0, 0, 0, 0, 0, 80),
(394, 2, 16, 0, 2, 5, 0, 0, 0, 0, 0, 0, 79),
(394, 3, 14, 0, 1, 1, 0, 0, 0, 0, 0, 0, 77),
(394, 4, 13, 1, 1, 6, 21, 0, 0, 0, 0, 0, 76),
(394, 5, 19, 0, 3, 3, 0, 0, 0, 0, 0, 0, 76),
(394, 6, 4, 0, 0, 1, 0, 0, 0, 0, 0, 0, 75),
(394, 7, 3, 0, 2, 1, 0, 0, 0, 0, 0, 0, 75),
(394, 8, 18, 0, 0, 1, 0, 0, 0, 0, 0, 0, 75),
(394, 9, 12, 0, 2, 0, 0, 0, 0, 0, 0, 0, 74),
(400, 1, 7, 1, 0, 1, 30, 0, 0, 0, 0, 0, 75),
(400, 2, 16, 1, 2, 5, 6, 0, 0, 0, 0, 0, 74),
(400, 3, 14, 1, 1, 1, 45, 0, 0, 0, 0, 0, 73),
(400, 4, 13, 0, 1, 6, 0, 0, 0, 0, 0, 0, 72),
(400, 5, 19, 3, 3, 3, 71, 0, 0, 0, 0, 0, 72),
(400, 6, 4, 0, 0, 1, 0, 0, 0, 0, 0, 0, 71),
(400, 7, 3, 0, 2, 1, 0, 0, 0, 0, 0, 0, 71),
(400, 8, 18, 0, 0, 1, 0, 0, 0, 0, 0, 0, 71),
(400, 9, 12, 3, 2, 0, 72, 0, 0, 0, 0, 0, 70),
(397, 1, 7, 1, 0, 1, 59, 0, 0, 0, 0, 0, 55),
(397, 2, 16, 2, 2, 5, 90, 0, 0, 0, 0, 0, 55),
(397, 3, 14, 1, 1, 1, 90, 0, 0, 1, 0, 0, 55),
(397, 4, 13, 0, 1, 6, 0, 0, 0, 0, 0, 0, 55),
(397, 5, 19, 1, 3, 3, 17, 0, 0, 0, 0, 0, 54),
(397, 6, 4, 0, 0, 1, 0, 0, 0, 0, 0, 0, 54),
(397, 7, 3, 0, 2, 1, 0, 0, 0, 0, 0, 0, 54),
(397, 8, 18, 0, 0, 1, 0, 0, 0, 0, 0, 0, 53),
(397, 9, 12, 0, 2, 0, 0, 0, 0, 0, 0, 0, 53),
(388, 1, 7, 2, 0, 1, 90, 0, 0, 0, 0, 0, 105),
(388, 2, 16, 21, 2, 5, 83, 1, 4, 0, 0, 3, 105),
(388, 3, 14, 5, 1, 1, 90, 0, 1, 0, 0, 0, 105),
(388, 4, 13, 16, 1, 6, 90, 2, 1, 0, 0, 3, 105),
(388, 5, 19, 16, 3, 3, 90, 2, 1, 0, 0, 3, 106),
(388, 6, 4, 5, 0, 1, 90, 0, 1, 0, 0, 0, 108),
(388, 7, 3, 6, 2, 1, 90, 1, 0, 0, 0, 0, 109),
(388, 8, 18, 9, 0, 1, 90, 1, 0, 0, 0, 3, 110),
(388, 9, 12, 4, 2, 0, 90, 0, 1, 1, 0, 0, 110),
(398, 1, 7, 0, 0, 1, 0, 0, 0, 0, 0, 0, 55),
(398, 2, 16, 1, 2, 5, 90, 0, 0, 0, 0, 0, 55),
(398, 3, 14, 2, 1, 1, 90, 0, 0, 0, 0, 0, 55),
(398, 4, 13, 2, 1, 6, 90, 0, 0, 0, 0, 0, 54),
(398, 5, 19, -1, 3, 3, 90, 0, 0, 0, 0, 0, 54),
(398, 6, 4, 0, 0, 1, 0, 0, 0, 0, 0, 0, 54),
(398, 7, 3, 0, 2, 1, 0, 0, 0, 0, 0, 0, 54),
(398, 8, 18, 0, 0, 1, 0, 0, 0, 0, 0, 0, 54),
(398, 9, 12, 0, 2, 0, 0, 0, 0, 0, 0, 0, 54),
(392, 1, 7, 2, 0, 1, 90, 0, 0, 0, 0, 0, 70),
(392, 2, 16, 2, 2, 5, 60, 0, 0, 0, 0, 0, 70),
(392, 3, 14, 9, 1, 1, 78, 1, 0, 0, 0, 1, 69),
(392, 4, 13, 1, 1, 6, 45, 0, 0, 0, 0, 0, 69),
(392, 5, 19, 1, 3, 3, 10, 0, 0, 0, 0, 0, 69),
(392, 6, 4, 1, 0, 1, 56, 0, 0, 0, 0, 0, 69),
(392, 7, 3, 0, 2, 1, 0, 0, 0, 0, 0, 0, 69),
(392, 8, 18, 1, 0, 1, 12, 0, 0, 0, 0, 0, 68),
(392, 9, 12, 1, 2, 0, 17, 0, 0, 0, 0, 0, 68),
(387, 1, 7, 0, 0, 1, 0, 0, 0, 0, 0, 0, 60),
(387, 2, 16, 4, 2, 5, 29, 0, 1, 0, 0, 0, 60),
(387, 3, 14, 1, 1, 1, 11, 0, 0, 0, 0, 0, 59),
(387, 4, 13, 0, 1, 6, 45, 0, 0, 1, 0, 0, 59),
(387, 5, 19, 0, 3, 3, 0, 0, 0, 0, 0, 0, 59),
(387, 6, 4, 1, 0, 1, 33, 0, 0, 0, 0, 0, 59),
(387, 7, 3, 2, 2, 1, 69, 0, 0, 0, 0, 0, 59),
(387, 8, 18, 0, 0, 1, 0, 0, 0, 0, 0, 0, 58),
(387, 9, 12, 0, 2, 0, 0, 0, 0, 0, 0, 0, 58),
(399, 1, 7, 0, 0, 1, 0, 0, 0, 0, 0, 0, 50),
(399, 2, 16, 0, 2, 5, 0, 0, 0, 0, 0, 0, 50),
(399, 3, 14, 0, 1, 1, 0, 0, 0, 0, 0, 0, 49),
(399, 4, 13, 0, 1, 6, 0, 0, 0, 0, 0, 0, 49),
(399, 5, 19, 0, 3, 3, 0, 0, 0, 0, 0, 0, 48),
(399, 6, 4, 0, 0, 1, 0, 0, 0, 0, 0, 0, 48),
(399, 7, 3, 0, 2, 1, 0, 0, 0, 0, 0, 0, 48),
(399, 8, 18, 0, 0, 1, 0, 0, 0, 0, 0, 0, 47),
(399, 9, 12, 0, 2, 0, 0, 0, 0, 0, 0, 0, 47),
(457, 1, 7, 2, 0, 1, 75, 0, 0, 0, 0, 0, 60),
(457, 2, 16, 0, 2, 5, 90, 0, 0, 1, 0, 0, 60),
(457, 3, 14, 2, 1, 1, 90, 0, 0, 0, 0, 0, 60),
(457, 4, 13, 0, 1, 6, 0, 0, 0, 0, 0, 0, 59),
(457, 5, 19, 0, 3, 3, 0, 0, 0, 0, 0, 0, 59),
(457, 6, 4, 6, 0, 1, 90, 0, 0, 0, 0, 0, 58),
(457, 7, 3, 2, 2, 1, 90, 0, 0, 0, 0, 0, 58),
(457, 8, 18, 12, 0, 1, 90, 0, 1, 0, 0, 3, 58),
(457, 9, 12, 0, 2, 0, 0, 0, 0, 0, 0, 0, 58),
(403, 1, 7, 0, 0, 1, 0, 0, 0, 0, 0, 0, 70),
(403, 2, 16, 0, 2, 5, 45, 0, 0, 1, 0, 0, 69),
(403, 3, 14, 3, 1, 1, 76, 0, 0, 0, 0, 0, 69),
(403, 4, 13, 0, 1, 6, 0, 0, 0, 0, 0, 0, 69),
(403, 5, 19, 0, 3, 3, 0, 0, 0, 0, 0, 0, 69),
(403, 6, 4, 1, 0, 1, 11, 0, 0, 0, 0, 0, 69),
(403, 7, 3, 1, 2, 1, 26, 0, 0, 0, 0, 0, 69),
(403, 8, 18, 1, 0, 1, 26, 0, 0, 0, 0, 0, 69),
(403, 9, 12, 6, 2, 0, 25, 1, 0, 0, 0, 0, 69),
(402, 1, 7, 0, 0, 1, 0, 0, 0, 0, 0, 0, 50),
(402, 2, 16, 0, 2, 5, 0, 0, 0, 0, 0, 0, 50),
(402, 3, 14, 0, 1, 1, 0, 0, 0, 0, 0, 0, 49),
(402, 4, 13, 0, 1, 6, 0, 0, 0, 0, 0, 0, 49),
(402, 5, 19, 0, 3, 3, 0, 0, 0, 0, 0, 0, 49),
(402, 6, 4, 0, 0, 1, 0, 0, 0, 0, 0, 0, 49),
(402, 7, 3, 0, 2, 1, 0, 0, 0, 0, 0, 0, 49),
(402, 8, 18, 0, 0, 1, 0, 0, 0, 0, 0, 0, 49),
(402, 9, 12, 0, 2, 0, 0, 0, 0, 0, 0, 0, 49),
(405, 1, 7, 1, 0, 1, 14, 0, 0, 0, 0, 0, 60),
(405, 2, 16, 0, 2, 5, 45, 0, 0, 1, 0, 0, 60),
(405, 3, 14, 1, 1, 1, 13, 0, 0, 0, 0, 0, 60),
(405, 4, 13, 7, 1, 6, 68, 1, 0, 0, 0, 0, 59),
(405, 5, 19, 3, 3, 3, 72, 0, 0, 0, 0, 0, 59),
(405, 6, 4, 3, 0, 1, 78, 0, 0, 0, 0, 0, 59),
(405, 7, 3, 1, 2, 1, 63, 0, 0, 1, 0, 0, 59),
(405, 8, 18, 3, 0, 1, 63, 0, 0, 0, 0, 0, 59),
(405, 9, 12, 6, 2, 0, 64, 0, 1, 0, 0, 0, 59),
(401, 1, 7, 0, 0, 1, 0, 0, 0, 0, 0, 0, 50),
(401, 2, 16, 0, 2, 5, 0, 0, 0, 0, 0, 0, 50),
(401, 3, 14, 0, 1, 1, 0, 0, 0, 0, 0, 0, 49),
(401, 4, 13, 0, 1, 6, 0, 0, 0, 0, 0, 0, 49),
(401, 5, 19, 0, 3, 3, 0, 0, 0, 0, 0, 0, 49),
(401, 6, 4, 0, 0, 1, 0, 0, 0, 0, 0, 0, 48),
(401, 7, 3, 0, 2, 1, 0, 0, 0, 0, 0, 0, 48),
(401, 8, 18, 0, 0, 1, 0, 0, 0, 0, 0, 0, 48),
(401, 9, 12, 0, 2, 0, 0, 0, 0, 0, 0, 0, 48),
(406, 1, 7, 0, 0, 1, 0, 0, 0, 0, 0, 0, 45),
(406, 2, 16, 0, 2, 5, 0, 0, 0, 0, 0, 0, 45),
(406, 3, 14, 0, 1, 1, 0, 0, 0, 0, 0, 0, 44),
(406, 4, 13, 0, 1, 6, 0, 0, 0, 0, 0, 0, 44),
(406, 5, 19, 0, 3, 3, 0, 0, 0, 0, 0, 0, 44),
(406, 6, 4, 0, 0, 1, 0, 0, 0, 0, 0, 0, 44),
(406, 7, 3, 0, 2, 1, 0, 0, 0, 0, 0, 0, 43),
(406, 8, 18, 0, 0, 1, 0, 0, 0, 0, 0, 0, 43),
(406, 9, 12, 0, 2, 0, 0, 0, 0, 0, 0, 0, 43),
(404, 1, 7, 0, 0, 1, 0, 0, 0, 0, 0, 0, 45),
(404, 2, 16, 0, 2, 5, 0, 0, 0, 0, 0, 0, 45),
(404, 3, 14, 0, 1, 1, 0, 0, 0, 0, 0, 0, 45),
(404, 4, 13, 0, 1, 6, 0, 0, 0, 0, 0, 0, 45),
(404, 5, 19, 0, 3, 3, 0, 0, 0, 0, 0, 0, 45),
(404, 6, 4, 0, 0, 1, 0, 0, 0, 0, 0, 0, 45),
(404, 7, 3, 0, 2, 1, 0, 0, 0, 0, 0, 0, 45),
(404, 8, 18, 0, 0, 1, 0, 0, 0, 0, 0, 0, 44),
(404, 9, 12, 0, 2, 0, 0, 0, 0, 0, 0, 0, 44),
(482, 1, 7, 0, 0, 1, 0, 0, 0, 0, 0, 0, 45),
(482, 2, 16, 0, 2, 5, 0, 0, 0, 0, 0, 0, 45),
(482, 3, 14, 0, 1, 1, 0, 0, 0, 0, 0, 0, 45),
(482, 4, 13, 0, 1, 6, 0, 0, 0, 0, 0, 0, 45),
(482, 5, 19, 0, 3, 3, 0, 0, 0, 0, 0, 0, 44),
(482, 6, 4, 0, 0, 1, 0, 0, 0, 0, 0, 0, 44),
(482, 7, 3, 0, 2, 1, 0, 0, 0, 0, 0, 0, 44),
(482, 8, 18, 0, 0, 1, 0, 0, 0, 0, 0, 0, 44),
(482, 9, 12, 0, 2, 0, 0, 0, 0, 0, 0, 0, 44),
(538, 2, 20, 0, 1, 3, 0, 0, 0, 0, 0, 0, 45),
(538, 3, 9, 0, 2, 5, 0, 0, 0, 0, 0, 0, 45),
(538, 4, 10, 0, 1, 1, 0, 0, 0, 0, 0, 0, 45),
(538, 5, 1, 0, 1, 0, 0, 0, 0, 0, 0, 0, 45),
(538, 6, 19, 0, 1, 1, 0, 0, 0, 0, 0, 0, 45),
(538, 7, 15, 0, 0, 1, 0, 0, 0, 0, 0, 0, 45),
(538, 8, 11, 0, 1, 1, 0, 0, 0, 0, 0, 0, 45),
(538, 9, 17, 0, 2, 0, 0, 0, 0, 0, 0, 0, 45),
(468, 1, 15, 0, 0, 2, 0, 0, 0, 0, 0, 0, 65),
(468, 2, 5, 0, 0, 2, 0, 0, 0, 0, 0, 0, 64),
(468, 3, 1, 6, 3, 1, 10, 1, 0, 0, 0, 0, 63),
(468, 4, 2, 2, 7, 2, 90, 0, 0, 0, 0, 0, 63),
(468, 5, 7, 1, 2, 2, 12, 0, 0, 0, 0, 0, 63),
(468, 6, 15, 9, 2, 1, 82, 1, 0, 0, 0, 2, 63),
(468, 7, 19, 8, 2, 1, 20, 1, 0, 0, 0, 2, 63),
(468, 8, 12, 2, 1, 1, 90, 0, 0, 0, 0, 0, 64),
(468, 9, 9, 9, 3, 0, 88, 1, 0, 0, 0, 1, 65),
(531, 2, 5, 1, 0, 2, 45, 0, 0, 0, 0, 0, 60),
(531, 3, 1, 0, 3, 1, 0, 0, 0, 0, 0, 0, 60),
(531, 4, 2, 0, 7, 2, 0, 0, 0, 0, 0, 0, 60),
(531, 5, 7, 2, 2, 2, 90, 0, 0, 0, 0, 0, 60),
(531, 6, 15, 0, 2, 1, 0, 0, 0, 0, 0, 0, 60),
(531, 7, 19, 0, 2, 1, 0, 0, 0, 0, 0, 0, 60),
(531, 8, 12, 0, 1, 1, 0, 0, 0, 0, 0, 0, 59),
(531, 9, 9, 0, 3, 0, 0, 0, 0, 0, 0, 0, 59),
(537, 2, 20, 0, 1, 3, 0, 0, 0, 0, 0, 0, 45),
(537, 3, 9, 0, 2, 5, 0, 0, 0, 0, 0, 0, 45),
(537, 4, 10, 0, 1, 1, 0, 0, 0, 0, 0, 0, 45),
(537, 5, 1, 0, 1, 0, 0, 0, 0, 0, 0, 0, 45),
(537, 6, 19, 0, 1, 1, 0, 0, 0, 0, 0, 0, 45),
(537, 7, 15, 0, 0, 1, 0, 0, 0, 0, 0, 0, 45),
(537, 8, 11, 0, 1, 1, 0, 0, 0, 0, 0, 0, 45),
(537, 9, 17, 0, 2, 0, 0, 0, 0, 0, 0, 0, 45),
(495, 2, 6, 6, 1, 3, 23, 1, 0, 0, 0, 0, 70),
(495, 3, 3, 1, 2, 3, 1, 0, 0, 0, 0, 0, 70),
(495, 4, 17, 1, 1, 6, 22, 0, 0, 0, 0, 0, 70),
(495, 5, 14, 1, 1, 4, 14, 0, 0, 0, 0, 0, 69),
(495, 6, 5, 0, 0, 0, 0, 0, 0, 0, 0, 0, 69),
(495, 7, 1, 1, 0, 1, 15, 0, 0, 0, 0, 0, 68),
(495, 8, 7, 0, 1, 3, 0, 0, 0, 0, 0, 0, 68),
(495, 9, 18, 1, 1, 0, 11, 0, 0, 0, 0, 0, 67),
(539, 2, 20, 0, 1, 3, 0, 0, 0, 0, 0, 0, 45),
(539, 3, 9, 1, 2, 5, 39, 0, 0, 0, 0, 0, 45),
(539, 4, 10, 0, 1, 1, 0, 0, 0, 0, 0, 0, 45),
(539, 5, 1, 0, 1, 0, 0, 0, 0, 0, 0, 0, 45),
(539, 6, 19, 0, 1, 1, 0, 0, 0, 0, 0, 0, 45),
(539, 7, 15, 0, 0, 1, 0, 0, 0, 0, 0, 0, 44),
(539, 8, 11, 0, 1, 1, 0, 0, 0, 0, 0, 0, 44),
(539, 9, 17, 0, 2, 0, 0, 0, 0, 0, 0, 0, 44),
(556, 4, 10, 2, 1, 1, 90, 0, 0, 0, 0, 0, 55),
(556, 5, 1, 5, 1, 0, 90, 0, 0, 1, 0, 0, 55),
(556, 6, 19, 2, 1, 1, 90, 0, 0, 0, 0, 0, 55),
(556, 7, 15, 6, 0, 1, 90, 0, 0, 0, 0, 0, 55),
(556, 8, 11, 2, 1, 1, 90, 0, 0, 0, 0, 0, 55),
(556, 9, 17, 0, 2, 0, 90, 0, 0, 1, 0, 0, 55),
(543, 3, 14, 0, 1, 1, 0, 0, 0, 0, 0, 0, 95),
(543, 4, 13, 0, 1, 6, 0, 0, 0, 0, 0, 0, 95),
(543, 5, 19, 1, 3, 3, 18, 0, 0, 0, 0, 0, 95),
(543, 6, 4, 0, 0, 1, 0, 0, 0, 0, 0, 0, 95),
(543, 7, 3, 9, 2, 1, 20, 1, 0, 0, 0, 3, 95),
(543, 8, 18, 3, 0, 1, 77, 0, 0, 0, 0, 0, 95),
(543, 9, 12, 0, 2, 0, 0, 0, 0, 0, 0, 0, 95),
(569, 5, 14, 0, 1, 4, 0, 0, 0, 0, 0, 0, 80),
(569, 6, 5, 1, 0, 0, 32, 0, 0, 0, 0, 0, 80),
(569, 7, 1, 1, 0, 1, 15, 0, 0, 0, 0, 0, 80),
(569, 8, 7, 5, 1, 3, 8, 1, 0, 0, 0, 0, 80),
(569, 9, 18, 0, 1, 0, 27, 0, 0, 1, 0, 0, 80),
(564, 5, 19, 0, 3, 3, 0, 0, 0, 0, 0, 0, 70),
(564, 6, 4, 0, 0, 1, 0, 0, 0, 0, 0, 0, 70),
(564, 7, 3, 0, 2, 1, 0, 0, 0, 0, 0, 0, 70),
(564, 8, 18, 1, 0, 1, 12, 0, 0, 0, 0, 0, 70),
(564, 9, 12, 0, 2, 0, 0, 0, 0, 0, 0, 0, 70),
(542, 3, 14, 0, 1, 1, 0, 0, 0, 0, 0, 0, 55),
(542, 4, 13, 2, 1, 6, 90, 0, 0, 0, 0, 0, 55),
(542, 5, 19, 4, 3, 3, 90, 0, 1, 0, 0, 0, 55),
(542, 6, 4, 0, 0, 1, 0, 0, 0, 0, 0, 0, 55),
(542, 7, 3, 4, 2, 1, 90, 0, 1, 1, 0, 0, 56),
(542, 8, 18, 6, 0, 1, 90, 0, 0, 0, 0, 0, 56),
(542, 9, 12, 6, 2, 0, 90, 0, 0, 0, 0, 0, 56),
(568, 5, 14, 0, 1, 4, 0, 0, 0, 0, 0, 0, 55),
(568, 6, 5, 0, 0, 0, 0, 0, 0, 0, 0, 0, 55),
(568, 7, 1, 0, 0, 1, 0, 0, 0, 0, 0, 0, 55),
(568, 8, 7, 0, 1, 3, 0, 0, 0, 0, 0, 0, 55),
(568, 9, 18, 6, 1, 0, 90, 0, 0, 0, 0, 0, 55),
(560, 4, 2, 0, 7, 2, 0, 0, 0, 0, 0, 0, 45),
(560, 5, 7, 0, 2, 2, 0, 0, 0, 0, 0, 0, 45),
(560, 6, 15, 0, 2, 1, 0, 0, 0, 0, 0, 0, 45),
(560, 7, 19, 0, 2, 1, 0, 0, 0, 0, 0, 0, 45),
(560, 8, 12, 0, 1, 1, 0, 0, 0, 0, 0, 0, 45),
(560, 9, 9, 0, 3, 0, 0, 0, 0, 0, 0, 0, 45),
(521, 1, 7, 0, 0, 1, 0, 0, 0, 0, 0, 0, 40),
(521, 2, 16, 0, 2, 5, 0, 0, 0, 0, 0, 0, 40),
(521, 3, 14, 0, 1, 1, 0, 0, 0, 0, 0, 0, 40),
(521, 4, 13, 0, 1, 6, 0, 0, 0, 0, 0, 0, 40),
(521, 5, 19, 0, 3, 3, 0, 0, 0, 0, 0, 0, 40),
(521, 6, 4, 0, 0, 1, 0, 0, 0, 0, 0, 0, 40),
(521, 7, 3, 0, 2, 1, 0, 0, 0, 0, 0, 0, 40),
(521, 8, 18, 0, 0, 1, 0, 0, 0, 0, 0, 0, 40),
(521, 9, 12, 0, 2, 0, 0, 0, 0, 0, 0, 0, 39),
(584, 6, 4, 1, 0, 1, 1, 0, 0, 0, 0, 0, 50),
(584, 7, 3, 0, 2, 1, 0, 0, 0, 0, 0, 0, 50),
(584, 8, 18, 0, 0, 1, 0, 0, 0, 0, 0, 0, 50),
(584, 9, 12, 1, 2, 0, 9, 0, 0, 0, 0, 0, 50),
(575, 5, 14, 0, 1, 4, 0, 0, 0, 0, 0, 0, 55),
(575, 6, 5, 0, 0, 0, 0, 0, 0, 0, 0, 0, 55),
(575, 7, 1, 0, 0, 1, 0, 0, 0, 0, 0, 0, 55),
(575, 8, 7, 0, 1, 3, 0, 0, 0, 0, 0, 0, 54),
(575, 9, 18, 0, 1, 0, 0, 0, 0, 0, 0, 0, 53),
(594, 7, 19, 0, 2, 1, 0, 0, 0, 0, 0, 0, 40),
(594, 8, 12, 0, 1, 1, 0, 0, 0, 0, 0, 0, 40),
(594, 9, 9, 0, 3, 0, 0, 0, 0, 0, 0, 0, 40),
(595, 7, 15, 0, 0, 1, 0, 0, 0, 0, 0, 0, 40),
(595, 8, 11, 0, 1, 1, 0, 0, 0, 0, 0, 0, 40),
(595, 9, 17, 0, 2, 0, 0, 0, 0, 0, 0, 0, 40),
(273, 2, 20, 2, 1, 3, 90, 0, 0, 0, 0, 0, 50),
(273, 3, 9, 0, 2, 5, 0, 0, 0, 0, 0, 0, 50),
(273, 4, 10, 0, 1, 1, 0, 0, 0, 0, 0, 0, 50),
(273, 5, 1, 0, 1, 0, 0, 0, 0, 0, 0, 0, 50),
(273, 6, 19, 0, 1, 1, 0, 0, 0, 0, 0, 0, 49),
(273, 7, 15, 0, 0, 1, 0, 0, 0, 0, 0, 0, 49),
(273, 8, 11, 0, 1, 1, 0, 0, 0, 0, 0, 0, 49),
(273, 9, 17, 0, 2, 0, 0, 0, 0, 0, 0, 0, 48),
(275, 2, 20, 0, 1, 3, 0, 0, 0, 0, 0, 0, 85),
(275, 3, 9, 12, 2, 5, 90, 1, 1, 0, 0, 2, 85),
(275, 4, 10, 2, 1, 1, 76, 0, 0, 0, 0, 0, 85),
(275, 5, 1, 3, 1, 0, 90, 0, 0, 0, 0, 0, 85),
(275, 6, 19, 2, 1, 1, 90, 0, 0, 0, 0, 0, 85),
(275, 7, 15, 3, 0, 1, 84, 0, 0, 0, 0, 0, 84),
(275, 8, 11, 0, 1, 1, 0, 0, 0, 0, 0, 0, 83),
(275, 9, 17, 2, 2, 0, 71, 0, 0, 0, 0, 0, 82),
(274, 2, 20, 1, 1, 3, 90, 0, 0, 1, 0, 0, 60),
(274, 3, 9, 0, 2, 5, 90, 0, 0, 0, 0, 0, 60),
(274, 4, 10, 1, 1, 1, 70, 0, 0, 1, 0, 0, 60),
(274, 5, 1, 0, 1, 0, 0, 0, 0, 0, 0, 0, 60),
(274, 6, 19, 0, 1, 1, 0, 0, 0, 0, 0, 0, 60),
(274, 7, 15, 0, 0, 1, 0, 0, 0, 0, 0, 0, 59),
(274, 8, 11, 0, 1, 1, 0, 0, 0, 0, 0, 0, 59),
(274, 9, 17, 0, 2, 0, 0, 0, 0, 0, 0, 0, 59),
(276, 2, 20, 5, 1, 3, 81, 0, 1, 0, 0, 0, 115),
(276, 3, 9, 2, 2, 5, 90, 0, 0, 0, 0, 0, 115),
(276, 4, 10, 9, 1, 1, 90, 1, 0, 0, 0, 2, 115),
(276, 5, 1, 11, 1, 0, 90, 1, 0, 0, 0, 3, 115),
(276, 6, 19, 2, 1, 1, 90, 0, 0, 0, 0, 0, 116),
(276, 7, 15, 3, 0, 1, 90, 0, 0, 0, 0, 0, 116),
(276, 8, 11, 1, 1, 1, 90, 0, 0, 1, 0, 0, 116),
(276, 9, 17, 1, 2, 0, 18, 0, 0, 0, 0, 0, 115),
(254, 1, 10, 20, 4, 3, 90, 3, 0, 0, 0, 3, 120),
(254, 2, 5, 3, 0, 2, 90, 0, 0, 0, 0, 0, 120),
(254, 3, 1, 5, 3, 1, 90, 0, 1, 0, 0, 0, 121),
(254, 4, 2, 13, 7, 2, 90, 2, 0, 0, 0, 1, 122),
(254, 5, 7, 7, 2, 2, 90, 1, 0, 0, 0, 0, 123),
(254, 6, 15, 2, 2, 1, 90, 0, 0, 0, 0, 0, 123),
(254, 7, 19, 8, 2, 1, 89, 1, 0, 0, 0, 1, 124),
(254, 8, 12, 9, 1, 1, 90, 1, 0, 0, 0, 2, 124),
(254, 9, 9, 0, 3, 0, 0, 0, 0, 0, 0, 0, 123),
(259, 1, 10, 1, 4, 3, 88, 0, 0, 0, 0, 0, 75),
(259, 2, 5, 7, 0, 2, 90, 0, 0, 0, 0, 1, 75),
(259, 3, 1, 7, 3, 1, 90, 0, 1, 1, 0, 3, 75),
(259, 4, 2, -1, 7, 2, 90, 0, 0, 0, 0, 0, 75),
(259, 5, 7, 1, 2, 2, 90, 0, 0, 0, 0, 0, 75),
(259, 6, 15, 2, 2, 1, 90, 0, 0, 0, 0, 0, 75),
(259, 7, 19, 2, 2, 1, 90, 0, 0, 0, 0, 0, 74),
(259, 8, 12, 2, 1, 1, 62, 0, 0, 0, 0, 0, 74),
(259, 9, 9, 0, 3, 0, 0, 0, 0, 0, 0, 0, 73),
(257, 1, 10, 0, 4, 3, 0, 0, 0, 0, 0, 0, 55),
(257, 2, 5, 0, 0, 2, 0, 0, 0, 0, 0, 0, 54),
(257, 3, 1, 0, 3, 1, 0, 0, 0, 0, 0, 0, 53),
(257, 4, 2, 0, 7, 2, 0, 0, 0, 0, 0, 0, 53),
(257, 5, 7, 0, 2, 2, 0, 0, 0, 0, 0, 0, 52),
(257, 6, 15, 0, 2, 1, 0, 0, 0, 0, 0, 0, 52),
(257, 7, 19, 0, 2, 1, 0, 0, 0, 0, 0, 0, 52),
(257, 8, 12, 0, 1, 1, 0, 0, 0, 0, 0, 0, 51),
(257, 9, 9, 0, 3, 0, 0, 0, 0, 0, 0, 0, 51),
(256, 1, 10, 0, 4, 3, 0, 0, 0, 0, 0, 0, 55),
(256, 2, 5, 0, 0, 2, 0, 0, 0, 0, 0, 0, 55),
(256, 3, 1, 0, 3, 1, 0, 0, 0, 0, 0, 0, 54),
(256, 4, 2, 0, 7, 2, 0, 0, 0, 0, 0, 0, 54),
(256, 5, 7, 0, 2, 2, 0, 0, 0, 0, 0, 0, 53),
(256, 6, 15, 0, 2, 1, 0, 0, 0, 0, 0, 0, 53),
(256, 7, 19, 0, 2, 1, 0, 0, 0, 0, 0, 0, 53),
(256, 8, 12, 0, 1, 1, 0, 0, 0, 0, 0, 0, 52),
(256, 9, 9, 1, 3, 0, 1, 0, 0, 0, 0, 0, 52),
(277, 2, 20, 0, 1, 3, 0, 0, 0, 0, 0, 0, 55),
(277, 3, 9, 0, 2, 5, 0, 0, 0, 0, 0, 0, 55),
(277, 4, 10, 0, 1, 1, 0, 0, 0, 0, 0, 0, 54),
(277, 5, 1, 8, 1, 0, 90, 0, 0, 1, 0, 3, 54),
(277, 6, 19, 5, 1, 1, 90, 0, 1, 0, 0, 0, 54),
(277, 7, 15, 8, 0, 1, 90, 0, 0, 0, 0, 2, 54),
(277, 8, 11, 3, 1, 1, 90, 0, 0, 0, 0, 1, 54),
(277, 9, 17, 1, 2, 0, 90, 0, 0, 0, 0, 0, 55),
(552, 3, 9, 0, 2, 5, 0, 0, 0, 0, 0, 0, 45),
(552, 4, 10, 0, 1, 1, 0, 0, 0, 0, 0, 0, 45),
(552, 5, 1, 0, 1, 0, 0, 0, 0, 0, 0, 0, 45),
(552, 6, 19, 0, 1, 1, 0, 0, 0, 0, 0, 0, 45),
(552, 7, 15, 0, 0, 1, 0, 0, 0, 0, 0, 0, 45),
(552, 8, 11, 0, 1, 1, 0, 0, 0, 0, 0, 0, 45),
(552, 9, 17, 0, 2, 0, 0, 0, 0, 0, 0, 0, 45),
(589, 6, 15, 0, 2, 1, 0, 0, 0, 0, 0, 0, 40),
(589, 7, 19, 2, 2, 1, 90, 0, 0, 0, 0, 0, 40),
(589, 8, 12, 0, 1, 1, 0, 0, 0, 0, 0, 0, 40),
(589, 9, 9, 0, 3, 0, 0, 0, 0, 0, 0, 0, 40);

-- --------------------------------------------------------

--
-- Table structure for table `teams`
--

CREATE TABLE `teams` (
  `id` int(10) DEFAULT NULL,
  `name` varchar(50) DEFAULT NULL,
  `short_name` varchar(3) DEFAULT NULL,
  `strength` int(10) DEFAULT NULL,
  `strength_overall_home` int(10) DEFAULT NULL,
  `strength_overall_away` int(10) DEFAULT NULL
) ENGINE=InnoDB DEFAULT CHARSET=latin1;

--
-- Dumping data for table `teams`
--

INSERT INTO `teams` (`id`, `name`, `short_name`, `strength`, `strength_overall_home`, `strength_overall_away`) VALUES
(1, 'Arsenal', 'ARS', 4, 1190, 1210),
(2, 'Aston Villa', 'AVL', 3, 1150, 1160),
(3, 'Brighton', 'BHA', 3, 1080, 1100),
(4, 'Burnley', 'BUR', 2, 1050, 1080),
(5, 'Chelsea', 'CHE', 4, 1260, 1280),
(6, 'Crystal Palace', 'CRY', 3, 1110, 1150),
(7, 'Everton', 'EVE', 3, 1180, 1210),
(8, 'Fulham', 'FUL', 2, 1000, 1020),
(9, 'Leicester', 'LEI', 4, 1220, 1240),
(10, 'Leeds', 'LEE', 3, 1100, 1130),
(11, 'Liverpool', 'LIV', 5, 1320, 1360),
(12, 'Man City', 'MCI', 5, 1310, 1360),
(13, 'Man Utd', 'MUN', 4, 1230, 1230),
(14, 'Newcastle', 'NEW', 3, 1100, 1130),
(15, 'Sheffield Utd', 'SHU', 3, 1070, 1100),
(16, 'Southampton', 'SOU', 3, 1150, 1180),
(17, 'Spurs', 'TOT', 4, 1270, 1280),
(18, 'West Brom', 'WBA', 2, 1010, 1030),
(19, 'West Ham', 'WHU', 3, 1140, 1170),
(20, 'Wolves', 'WOL', 3, 1160, 1190);

-- --------------------------------------------------------

--
-- Table structure for table `users`
--

CREATE TABLE `users` (
  `email` varchar(50) NOT NULL,
  `password` varchar(50) NOT NULL
) ENGINE=InnoDB DEFAULT CHARSET=latin1;

--
-- Dumping data for table `users`
--

INSERT INTO `users` (`email`, `password`) VALUES
('thomas.devine@lyit.ie', 'letmein');
COMMIT;

/*!40101 SET CHARACTER_SET_CLIENT=@OLD_CHARACTER_SET_CLIENT */;
/*!40101 SET CHARACTER_SET_RESULTS=@OLD_CHARACTER_SET_RESULTS */;
/*!40101 SET COLLATION_CONNECTION=@OLD_COLLATION_CONNECTION */;
